Perfect,Ed Sheeran
Rockstar,Post Malone Featuring 21 Savage
Havana,Camila Cabello Featuring Young Thug
Gucci Gang,Lil Pump
No Limit,G-Eazy Featuring A$AP Rocky & Cardi B
Thunder,Imagine Dragons
MotorSport,"Migos, Nicki Minaj & Cardi B"
Too Good At Goodbyes,Sam Smith
All I Want For Christmas Is You,Mariah Carey
Bad At Love,Halsey
River,Eminem Featuring Ed Sheeran
Bodak Yellow (Money Moves),Cardi B
New Rules,Dua Lipa
Gummo,6ix9ine
Him & I,G-Eazy & Halsey
I Fall Apart,Post Malone
What Lovers Do,Maroon 5 Featuring SZA
Let You Down,NF
I Get The Bag,Gucci Mane Featuring Migos
Feel It Still,Portugal. The Man
Sorry Not Sorry,Demi Lovato
Love.,Kendrick Lamar Featuring Zacari
Wolves,Selena Gomez X Marshmello
Shape Of You,Ed Sheeran
Mi Gente,J Balvin & Willy William Featuring Beyonce
Plain Jane,A$AP Ferg Featuring Nicki Minaj
The Way Life Goes,Lil Uzi Vert Featuring Nicki Minaj
Meant To Be,Bebe Rexha & Florida Georgia Line
The Weekend,SZA
Rockin' Around The Christmas Tree,Brenda Lee
How Long,Charlie Puth
It's The Most Wonderful Time Of The Year,Andy Williams
Young Dumb & Broke,Khalid
1-800-273-8255,Logic Featuring Alessia Cara & Khalid
Bank Account,21 Savage
Despacito,Luis Fonsi & Daddy Yankee Featuring Justin Bieber
The Christmas Song (Merry Christmas To You),Nat King Cole
A Holly Jolly Christmas,Burl Ives
Silence,Marshmello Featuring Khalid
Believer,Imagine Dragons
Sky Walker,Miguel Featuring Travis Scott
End Game,Taylor Swift Featuring Ed Sheeran & Future
Last Christmas,Wham!
Attention,Charlie Puth
Ric Flair Drip,Offset & Metro Boomin
Lemon,N*E*R*D & Rihanna
Unforgettable,French Montana Featuring Swae Lee
That's What I Like,Bruno Mars
Feliz Navidad,Jose Feliciano
Jingle Bell Rock,Bobby Helms
Roll In Peace,Kodak Black Featuring XXXTENTACION
Let Me Go,Hailee Steinfeld & Alesso Featuring Florida Georgia Line & Watt
Pills And Automobiles,"Chris Brown Featuring Yo Gotti, A Boogie Wit da Hoodie & Kodak Black"
Kooda,6ix9ine
Rubbin Off The Paint,YBN Nahmir
Like I Loved You,Brett Young
Lights Down Low,MAX Featuring gnash
Candy Paint,Post Malone
...Ready For It?,Taylor Swift
Greatest Love Story,LANCO
Good Old Days,Macklemore Featuring Kesha
What About Us,P!nk
Marry Me,Thomas Rhett
Codeine Dreaming,Kodak Black Featuring Lil Wayne
I'll Name The Dogs,Blake Shelton
Yours,Russell Dickerson
Tennessee Rain,Addison Agen
The Race,Tay-K
Wish I Didn't Love You,Chloe Kohanski
Round Here Buzz,Eric Church
My Dawg,Lil Baby
Light It Up,Luke Bryan
Tell Me You Love Me,Demi Lovato
Pick It Up,Famous Dex Featuring A$AP Rocky
Echame La Culpa,Luis Fonsi & Demi Lovato
Look What You Made Me Do,Taylor Swift
Betrayed,Lil Xan
Losing Sleep,Chris Young
MIC Drop,BTS Featuring Desiigner
No Smoke,YoungBoy Never Broke Again
I Could Use A Love Song,Maren Morris
Ice Tray,Quavo & Lil Yachty
You Broke Up With Me,Walker Hayes
I Pray,Red Marlow
Wanted You,NAV Featuring Lil Uzi Vert
Mayores,Becky G Featuring Bad Bunny
Walk On Water,Eminem Featuring Beyonce
Dusk Till Dawn,Zayn Featuring Sia
Written In The Sand,Old Dominion
Home,"Machine Gun Kelly, X Ambassadors & Bebe Rexha"
F**k Love,XXXTENTACION Featuring Trippie Redd
Believe,Eminem
Juice,Yo Gotti
Dark Knight Dummo,Trippie Redd Featuring Travis Scott
When We,Tank
Five More Minutes,Scotty McCreery
Too Much To Ask,Niall Horan
Never Be The Same,Camila Cabello
All On Me,Devin Dawson
Legends,Kelsea Ballerini
Perfect,Ed Sheeran
Havana,Camila Cabello Featuring Young Thug
Rockstar,Post Malone Featuring 21 Savage
Thunder,Imagine Dragons
No Limit,G-Eazy Featuring A$AP Rocky & Cardi B
Bad At Love,Halsey
Too Good At Goodbyes,Sam Smith
MotorSport,"Migos, Nicki Minaj & Cardi B"
Gucci Gang,Lil Pump
Bodak Yellow (Money Moves),Cardi B
New Rules,Dua Lipa
Feel It Still,Portugal. The Man
Shape Of You,Ed Sheeran
Love.,Kendrick Lamar Featuring Zacari
Sorry Not Sorry,Demi Lovato
Believer,Imagine Dragons
Him & I,G-Eazy & Halsey
Let You Down,NF
Bartier Cardi,Cardi B Featuring 21 Savage
Gummo,6ix9ine
What Lovers Do,Maroon 5 Featuring SZA
Young Dumb & Broke,Khalid
I Fall Apart,Post Malone
Meant To Be,Bebe Rexha & Florida Georgia Line
Despacito,Luis Fonsi & Daddy Yankee Featuring Justin Bieber
I Get The Bag,Gucci Mane Featuring Migos
How Long,Charlie Puth
Wolves,Selena Gomez X Marshmello
Bank Account,21 Savage
Mi Gente,J Balvin & Willy William Featuring Beyonce
Plain Jane,A$AP Ferg Featuring Nicki Minaj
That's What I Like,Bruno Mars
1-800-273-8255,Logic Featuring Alessia Cara & Khalid
Attention,Charlie Puth
Finesse,Bruno Mars & Cardi B
The Way Life Goes,Lil Uzi Vert Featuring Nicki Minaj
The Weekend,SZA
Sky Walker,Miguel Featuring Travis Scott
End Game,Taylor Swift Featuring Ed Sheeran & Future
Let Me Go,Hailee Steinfeld & Alesso Featuring Florida Georgia Line & Watt
Silence,Marshmello Featuring Khalid
Unforgettable,French Montana Featuring Swae Lee
What About Us,P!nk
Marry Me,Thomas Rhett
River,Eminem Featuring Ed Sheeran
Like I Loved You,Brett Young
Roll In Peace,Kodak Black Featuring XXXTENTACION
Lemon,N*E*R*D & Rihanna
Ric Flair Drip,Offset & Metro Boomin
Lights Down Low,MAX Featuring gnash
Pills And Automobiles,"Chris Brown Featuring Yo Gotti, A Boogie Wit da Hoodie & Kodak Black"
Yours,Russell Dickerson
Greatest Love Story,LANCO
Good Old Days,Macklemore Featuring Kesha
Look What You Made Me Do,Taylor Swift
I'll Name The Dogs,Blake Shelton
Round Here Buzz,Eric Church
...Ready For It?,Taylor Swift
Candy Paint,Post Malone
Rubbin Off The Paint,YBN Nahmir
La Modelo,Ozuna x Cardi B
I Could Use A Love Song,Maren Morris
Losing Sleep,Chris Young
Echame La Culpa,Luis Fonsi & Demi Lovato
Codeine Dreaming,Kodak Black Featuring Lil Wayne
MIC Drop,BTS Featuring Desiigner
You Broke Up With Me,Walker Hayes
Kooda,6ix9ine
Light It Up,Luke Bryan
Written In The Sand,Old Dominion
Never Be The Same,Camila Cabello
Tell Me You Love Me,Demi Lovato
No Smoke,YoungBoy Never Broke Again
Ice Tray,Quavo & Lil Yachty
Krippy Kush,"Farruko, Nicki Minaj, Bad Bunny, 21 Savage & Rvssian"
Betrayed,Lil Xan
Pick It Up,Famous Dex Featuring A$AP Rocky
Five More Minutes,Scotty McCreery
Legends,Kelsea Ballerini
One Foot,WALK THE MOON
Mayores,Becky G Featuring Bad Bunny
Heaven,Kane Brown
This Is Me,Keala Settle & The Greatest Showman Ensemble
My Dawg,Lil Baby
Rewrite The Stars,Zac Efron & Zendaya
Too Much To Ask,Niall Horan
All On Me,Devin Dawson
Never Enough,Loren Allred
Stir Fry,Migos
Juice,Yo Gotti
Broken Halos,Chris Stapleton
Corazon,Maluma X Nego do Borel
Female,Keith Urban
Dusk Till Dawn,Zayn Featuring Sia
The Greatest Show,"Hugh Jackman, Keala Settle, Zac Efron, Zendaya & The Greatest Showman Ensemble"
When We,Tank
Wanted You,NAV Featuring Lil Uzi Vert
F**k Love,XXXTENTACION Featuring Trippie Redd
Home,"Machine Gun Kelly, X Ambassadors & Bebe Rexha"
Best Friend,"Sofi Tukker Featuring NERVO, The Knocks & Alisa Ueno"
Perfect,Ed Sheeran
Havana,Camila Cabello Featuring Young Thug
Finesse,Bruno Mars & Cardi B
Rockstar,Post Malone Featuring 21 Savage
No Limit,G-Eazy Featuring A$AP Rocky & Cardi B
Thunder,Imagine Dragons
Bad At Love,Halsey
Too Good At Goodbyes,Sam Smith
Filthy,Justin Timberlake
MotorSport,"Migos, Nicki Minaj & Cardi B"
New Rules,Dua Lipa
Gucci Gang,Lil Pump
Love.,Kendrick Lamar Featuring Zacari
Bartier Cardi,Cardi B Featuring 21 Savage
Let You Down,NF
Him & I,G-Eazy & Halsey
Bodak Yellow (Money Moves),Cardi B
Meant To Be,Bebe Rexha & Florida Georgia Line
Gummo,6ix9ine
Feel It Still,Portugal. The Man
Sorry Not Sorry,Demi Lovato
Shape Of You,Ed Sheeran
How Long,Charlie Puth
Wolves,Selena Gomez X Marshmello
I Get The Bag,Gucci Mane Featuring Migos
I Fall Apart,Post Malone
What Lovers Do,Maroon 5 Featuring SZA
Young Dumb & Broke,Khalid
Plain Jane,A$AP Ferg Featuring Nicki Minaj
Believer,Imagine Dragons
Sky Walker,Miguel Featuring Travis Scott
River,Eminem Featuring Ed Sheeran
The Way Life Goes,Lil Uzi Vert Featuring Nicki Minaj
Despacito,Luis Fonsi & Daddy Yankee Featuring Justin Bieber
Mi Gente,J Balvin & Willy William Featuring Beyonce
End Game,Taylor Swift Featuring Ed Sheeran & Future
Bank Account,21 Savage
That's What I Like,Bruno Mars
Marry Me,Thomas Rhett
Let Me Go,Hailee Steinfeld & Alesso Featuring Florida Georgia Line & Watt
Attention,Charlie Puth
The Weekend,SZA
All The Stars,Kendrick Lamar & SZA
1-800-273-8255,Logic Featuring Alessia Cara & Khalid
Roll In Peace,Kodak Black Featuring XXXTENTACION
Silence,Marshmello Featuring Khalid
Lights Down Low,MAX Featuring gnash
Ric Flair Drip,Offset & Metro Boomin
Unforgettable,French Montana Featuring Swae Lee
Lemon,N*E*R*D & Rihanna
Like I Loved You,Brett Young
Yours,Russell Dickerson
Pills And Automobiles,"Chris Brown Featuring Yo Gotti, A Boogie Wit da Hoodie & Kodak Black"
Good Old Days,Macklemore Featuring Kesha
Tell Me You Love Me,Demi Lovato
I Could Use A Love Song,Maren Morris
Round Here Buzz,Eric Church
Codeine Dreaming,Kodak Black Featuring Lil Wayne
La Modelo,Ozuna x Cardi B
Echame La Culpa,Luis Fonsi & Demi Lovato
Greatest Love Story,LANCO
Rubbin Off The Paint,YBN Nahmir
Losing Sleep,Chris Young
This Is Me,Keala Settle & The Greatest Showman Ensemble
Never Be The Same,Camila Cabello
I'll Name The Dogs,Blake Shelton
Candy Paint,Post Malone
You Broke Up With Me,Walker Hayes
Written In The Sand,Old Dominion
Heaven,Kane Brown
Pick It Up,Famous Dex Featuring A$AP Rocky
Stir Fry,Migos
Kooda,6ix9ine
MIC Drop,BTS Featuring Desiigner
No Smoke,YoungBoy Never Broke Again
Betrayed,Lil Xan
Five More Minutes,Scotty McCreery
Rewrite The Stars,Zac Efron & Zendaya
Ice Tray,Quavo & Lil Yachty
...Ready For It?,Taylor Swift
All On Me,Devin Dawson
For You (Fifty Shades Freed),Liam Payne & Rita Ora
Legends,Kelsea Ballerini
One Foot,WALK THE MOON
Nowadays,Lil Skies Featuring Landon Cube
Best Friend,"Sofi Tukker Featuring NERVO, The Knocks & Alisa Ueno"
My Dawg,Lil Baby
The Greatest Show,"Hugh Jackman, Keala Settle, Zac Efron, Zendaya & The Greatest Showman Ensemble"
Krippy Kush,"Farruko, Nicki Minaj, Bad Bunny, 21 Savage & Rvssian"
Corazon,Maluma X Nego do Borel
Broken Halos,Chris Stapleton
I Miss You,Clean Bandit Featuring Julia Michaels
Too Much To Ask,Niall Horan
Mayores,Becky G Featuring Bad Bunny
Beautiful Trauma,P!nk
Female,Keith Urban
Home,"Machine Gun Kelly, X Ambassadors & Bebe Rexha"
Red Roses,Lil Skies Featuring Landon Cube
Never Enough,Loren Allred
Juice,Yo Gotti
Havana,Camila Cabello Featuring Young Thug
Perfect,Ed Sheeran
Rockstar,Post Malone Featuring 21 Savage
Finesse,Bruno Mars & Cardi B
Bad At Love,Halsey
Thunder,Imagine Dragons
No Limit,G-Eazy Featuring A$AP Rocky & Cardi B
New Rules,Dua Lipa
Too Good At Goodbyes,Sam Smith
MotorSport,"Migos, Nicki Minaj & Cardi B"
Gucci Gang,Lil Pump
Love.,Kendrick Lamar Featuring Zacari
Gummo,6ix9ine
Let You Down,NF
Him & I,G-Eazy & Halsey
Bartier Cardi,Cardi B Featuring 21 Savage
Meant To Be,Bebe Rexha & Florida Georgia Line
End Game,Taylor Swift Featuring Ed Sheeran & Future
Bodak Yellow (Money Moves),Cardi B
I Fall Apart,Post Malone
Shape Of You,Ed Sheeran
How Long,Charlie Puth
Feel It Still,Portugal. The Man
I Get The Bag,Gucci Mane Featuring Migos
Wolves,Selena Gomez X Marshmello
Believer,Imagine Dragons
Plain Jane,A$AP Ferg Featuring Nicki Minaj
Sorry Not Sorry,Demi Lovato
Filthy,Justin Timberlake
Never Be The Same,Camila Cabello
What Lovers Do,Maroon 5 Featuring SZA
Young Dumb & Broke,Khalid
Sky Walker,Miguel Featuring Travis Scott
River,Eminem Featuring Ed Sheeran
Marry Me,Thomas Rhett
Roll In Peace,Kodak Black Featuring XXXTENTACION
The Way Life Goes,Lil Uzi Vert Featuring Nicki Minaj
Bank Account,21 Savage
Mi Gente,J Balvin & Willy William Featuring Beyonce
Lemon,N*E*R*D & Rihanna
Lights Down Low,MAX Featuring gnash
Let Me Go,Hailee Steinfeld & Alesso Featuring Florida Georgia Line & Watt
Ric Flair Drip,Offset & Metro Boomin
Attention,Charlie Puth
1-800-273-8255,Logic Featuring Alessia Cara & Khalid
The Weekend,SZA
The Champion,Carrie Underwood Featuring Ludacris
Unforgettable,French Montana Featuring Swae Lee
Yours,Russell Dickerson
Silence,Marshmello Featuring Khalid
Pills And Automobiles,"Chris Brown Featuring Yo Gotti, A Boogie Wit da Hoodie & Kodak Black"
Like I Loved You,Brett Young
All The Stars,Kendrick Lamar & SZA
Good Old Days,Macklemore Featuring Kesha
Nowadays,Lil Skies Featuring Landon Cube
Round Here Buzz,Eric Church
Echame La Culpa,Luis Fonsi & Demi Lovato
This Is Me,Keala Settle & The Greatest Showman Ensemble
Written In The Sand,Old Dominion
Stir Fry,Migos
Losing Sleep,Chris Young
Rubbin Off The Paint,YBN Nahmir
Codeine Dreaming,Kodak Black Featuring Lil Wayne
Keke,"6ix9ine, Fetty Wap & A Boogie Wit da Hoodie"
Greatest Love Story,LANCO
Pick It Up,Famous Dex Featuring A$AP Rocky
La Modelo,Ozuna x Cardi B
You Broke Up With Me,Walker Hayes
Red Roses,Lil Skies Featuring Landon Cube
Rewrite The Stars,Zac Efron & Zendaya
Outside Today,YoungBoy Never Broke Again
Tell Me You Love Me,Demi Lovato
Kooda,6ix9ine
Candy Paint,Post Malone
Betrayed,Lil Xan
Heaven,Kane Brown
One Foot,WALK THE MOON
No Smoke,YoungBoy Never Broke Again
MIC Drop,BTS Featuring Desiigner
My My My!,Troye Sivan
Best Friend,"Sofi Tukker Featuring NERVO, The Knocks & Alisa Ueno"
I'll Name The Dogs,Blake Shelton
Five More Minutes,Scotty McCreery
Tequila,Dan + Shay
Legends,Kelsea Ballerini
Ice Tray,Quavo & Lil Yachty
Corazon,Maluma X Nego do Borel
All On Me,Devin Dawson
The Greatest Show,"Hugh Jackman, Keala Settle, Zac Efron, Zendaya & The Greatest Showman Ensemble"
My Dawg,Lil Baby
King's Dead,"Jay Rock, Kendrick Lamar, Future & James Blake"
IDGAF,Dua Lipa
Mayores,Becky G Featuring Bad Bunny
Broken Halos,Chris Stapleton
Krippy Kush,"Farruko, Nicki Minaj, Bad Bunny, 21 Savage & Rvssian"
...Ready For It?,Taylor Swift
Never Enough,Loren Allred
El Bano,Enrique Iglesias Featuring Bad Bunny
Beautiful Trauma,P!nk
Female,Keith Urban
God's Plan,Drake
Perfect,Ed Sheeran
Havana,Camila Cabello Featuring Young Thug
Rockstar,Post Malone Featuring 21 Savage
Finesse,Bruno Mars & Cardi B
Bad At Love,Halsey
Diplomatic Immunity,Drake
New Rules,Dua Lipa
Thunder,Imagine Dragons
No Limit,G-Eazy Featuring A$AP Rocky & Cardi B
MotorSport,"Migos, Nicki Minaj & Cardi B"
Meant To Be,Bebe Rexha & Florida Georgia Line
Too Good At Goodbyes,Sam Smith
Let You Down,NF
Love.,Kendrick Lamar Featuring Zacari
Him & I,G-Eazy & Halsey
Gucci Gang,Lil Pump
Gummo,6ix9ine
I Fall Apart,Post Malone
Bartier Cardi,Cardi B Featuring 21 Savage
How Long,Charlie Puth
Shape Of You,Ed Sheeran
Bodak Yellow (Money Moves),Cardi B
I Get The Bag,Gucci Mane Featuring Migos
Feel It Still,Portugal. The Man
Wolves,Selena Gomez X Marshmello
Plain Jane,A$AP Ferg Featuring Nicki Minaj
Believer,Imagine Dragons
Sky Walker,Miguel Featuring Travis Scott
End Game,Taylor Swift Featuring Ed Sheeran & Future
Roll In Peace,Kodak Black Featuring XXXTENTACION
Sorry Not Sorry,Demi Lovato
Filthy,Justin Timberlake
River,Eminem Featuring Ed Sheeran
Young Dumb & Broke,Khalid
Marry Me,Thomas Rhett
Never Be The Same,Camila Cabello
Lights Down Low,MAX Featuring gnash
Ric Flair Drip,Offset & Metro Boomin
Lemon,N*E*R*D & Rihanna
What Lovers Do,Maroon 5 Featuring SZA
The Way Life Goes,Lil Uzi Vert Featuring Nicki Minaj
Keke,"6ix9ine, Fetty Wap & A Boogie Wit da Hoodie"
Mi Gente,J Balvin & Willy William Featuring Beyonce
Let Me Go,Hailee Steinfeld & Alesso Featuring Florida Georgia Line & Watt
1-800-273-8255,Logic Featuring Alessia Cara & Khalid
Bank Account,21 Savage
Attention,Charlie Puth
Yours,Russell Dickerson
Unforgettable,French Montana Featuring Swae Lee
Outside Today,YoungBoy Never Broke Again
Stir Fry,Migos
Pills And Automobiles,"Chris Brown Featuring Yo Gotti, A Boogie Wit da Hoodie & Kodak Black"
All The Stars,Kendrick Lamar & SZA
Good Old Days,Macklemore Featuring Kesha
Mine,Bazzi
Nowadays,Lil Skies Featuring Landon Cube
Pick It Up,Famous Dex Featuring A$AP Rocky
Greatest Love Story,LANCO
Written In The Sand,Old Dominion
No Smoke,YoungBoy Never Broke Again
Losing Sleep,Chris Young
Like I Loved You,Brett Young
Five More Minutes,Scotty McCreery
Sick Boy,The Chainsmokers
This Is Me,Keala Settle & The Greatest Showman Ensemble
Heaven,Kane Brown
Echame La Culpa,Luis Fonsi & Demi Lovato
Rubbin Off The Paint,YBN Nahmir
You Broke Up With Me,Walker Hayes
Supplies,Justin Timberlake
Codeine Dreaming,Kodak Black Featuring Lil Wayne
Betrayed,Lil Xan
Red Roses,Lil Skies Featuring Landon Cube
One Foot,WALK THE MOON
La Modelo,Ozuna x Cardi B
Rewrite The Stars,Zac Efron & Zendaya
Candy Paint,Post Malone
Tell Me You Love Me,Demi Lovato
Round Here Buzz,Eric Church
All On Me,Devin Dawson
No Name,NF
King's Dead,"Jay Rock, Kendrick Lamar, Future & James Blake"
MIC Drop,BTS Featuring Desiigner
Broken Halos,Chris Stapleton
Kooda,6ix9ine
Legends,Kelsea Ballerini
Wait,Maroon 5
Best Friend,"Sofi Tukker Featuring NERVO, The Knocks & Alisa Ueno"
Ice Tray,Quavo & Lil Yachty
Beautiful Trauma,P!nk
IDGAF,Dua Lipa
Corazon,Maluma X Nego do Borel
Mayores,Becky G Featuring Bad Bunny
The Greatest Show,"Hugh Jackman, Keala Settle, Zac Efron, Zendaya & The Greatest Showman Ensemble"
Never Enough,Loren Allred
My Dawg,Lil Baby
I'll Name The Dogs,Blake Shelton
Rock,Plies
Female,Keith Urban
God's Plan,Drake
Perfect,Ed Sheeran
Finesse,Bruno Mars & Cardi B
Havana,Camila Cabello Featuring Young Thug
Rockstar,Post Malone Featuring 21 Savage
Bad At Love,Halsey
New Rules,Dua Lipa
MotorSport,"Migos, Nicki Minaj & Cardi B"
Say Something,Justin Timberlake Featuring Chris Stapleton
Thunder,Imagine Dragons
Meant To Be,Bebe Rexha & Florida Georgia Line
Stir Fry,Migos
No Limit,G-Eazy Featuring A$AP Rocky & Cardi B
Let You Down,NF
Love.,Kendrick Lamar Featuring Zacari
Him & I,G-Eazy & Halsey
I Fall Apart,Post Malone
Walk It Talk It,Migos Featuring Drake
Bartier Cardi,Cardi B Featuring 21 Savage
Too Good At Goodbyes,Sam Smith
How Long,Charlie Puth
Shape Of You,Ed Sheeran
The Middle,"Zedd, Maren Morris & Grey"
Gummo,6ix9ine
Bodak Yellow (Money Moves),Cardi B
Gucci Gang,Lil Pump
Feel It Still,Portugal. The Man
You Make It Easy,Jason Aldean
Believer,Imagine Dragons
Wolves,Selena Gomez X Marshmello
Sky Walker,Miguel Featuring Travis Scott
Never Be The Same,Camila Cabello
1-800-273-8255,Logic Featuring Alessia Cara & Khalid
Plain Jane,A$AP Ferg Featuring Nicki Minaj
Young Dumb & Broke,Khalid
Narcos,Migos
I Get The Bag,Gucci Mane Featuring Migos
Lights Down Low,MAX Featuring gnash
Marry Me,Thomas Rhett
Roll In Peace,Kodak Black Featuring XXXTENTACION
Mine,Bazzi
Sorry Not Sorry,Demi Lovato
End Game,Taylor Swift Featuring Ed Sheeran & Future
River,Eminem Featuring Ed Sheeran
Outside Today,YoungBoy Never Broke Again
Ric Flair Drip,Offset & Metro Boomin
Lemon,N*E*R*D & Rihanna
BBO (Bad Bitches Only),Migos Featuring 21 Savage
The Way Life Goes,Lil Uzi Vert Featuring Nicki Minaj
Let Me Go,Hailee Steinfeld & Alesso Featuring Florida Georgia Line & Watt
Filthy,Justin Timberlake
Notice Me,Migos Featuring Post Malone
Supastars,Migos
All The Stars,Kendrick Lamar & SZA
Diplomatic Immunity,Drake
Wait,Maroon 5
Yours,Russell Dickerson
Written In The Sand,Old Dominion
Good Old Days,Macklemore Featuring Kesha
Losing Sleep,Chris Young
Five More Minutes,Scotty McCreery
Broken Halos,Chris Stapleton
Keke,"6ix9ine, Fetty Wap & A Boogie Wit da Hoodie"
White Sand,"Migos Featuring Travis Scott, Ty Dolla $ign & Big Sean"
Betrayed,Lil Xan
Pick It Up,Famous Dex Featuring A$AP Rocky
Heaven,Kane Brown
Nowadays,Lil Skies Featuring Landon Cube
You Broke Up With Me,Walker Hayes
Like I Loved You,Brett Young
This Is Me,Keala Settle & The Greatest Showman Ensemble
Echame La Culpa,Luis Fonsi & Demi Lovato
Gang Gang,Migos
One Foot,WALK THE MOON
New Freezer,Rich The Kid Featuring Kendrick Lamar
All On Me,Devin Dawson
No Smoke,YoungBoy Never Broke Again
Tell Me You Love Me,Demi Lovato
La Modelo,Ozuna x Cardi B
Red Roses,Lil Skies Featuring Landon Cube
Rewrite The Stars,Zac Efron & Zendaya
Candy Paint,Post Malone
Higher We Go (Intro),Migos
Legends,Kelsea Ballerini
Auto Pilot,Migos
Codeine Dreaming,Kodak Black Featuring Lil Wayne
Emoji A Chain,Migos
Beautiful Trauma,P!nk
Round Here Buzz,Eric Church
Sick Boy,The Chainsmokers
Rubbin Off The Paint,YBN Nahmir
El Farsante,Ozuna & Romeo Santos
IDGAF,Dua Lipa
Most People Are Good,Luke Bryan
Mayores,Becky G Featuring Bad Bunny
CC,Migos Featuring Gucci Mane
Best Friend,"Sofi Tukker Featuring NERVO, The Knocks & Alisa Ueno"
MIC Drop,BTS Featuring Desiigner
King's Dead,"Jay Rock, Kendrick Lamar, Future & James Blake"
Corazon,Maluma X Nego do Borel
God's Plan,Drake
Perfect,Ed Sheeran
Finesse,Bruno Mars & Cardi B
Havana,Camila Cabello Featuring Young Thug
Rockstar,Post Malone Featuring 21 Savage
New Rules,Dua Lipa
Pray For Me,The Weeknd & Kendrick Lamar
Stir Fry,Migos
Meant To Be,Bebe Rexha & Florida Georgia Line
Bad At Love,Halsey
Thunder,Imagine Dragons
Let You Down,NF
Love.,Kendrick Lamar Featuring Zacari
MotorSport,"Migos, Nicki Minaj & Cardi B"
Him & I,G-Eazy & Halsey
No Limit,G-Eazy Featuring A$AP Rocky & Cardi B
Say Something,Justin Timberlake Featuring Chris Stapleton
I Fall Apart,Post Malone
Bodak Yellow (Money Moves),Cardi B
Bartier Cardi,Cardi B Featuring 21 Savage
How Long,Charlie Puth
The Middle,"Zedd, Maren Morris & Grey"
Shape Of You,Ed Sheeran
Gummo,6ix9ine
Wolves,Selena Gomez X Marshmello
Feel It Still,Portugal. The Man
Never Be The Same,Camila Cabello
Too Good At Goodbyes,Sam Smith
Mine,Bazzi
Lights Down Low,MAX Featuring gnash
All The Stars,Kendrick Lamar & SZA
Sky Walker,Miguel Featuring Travis Scott
Plain Jane,A$AP Ferg Featuring Nicki Minaj
Filthy,Justin Timberlake
Young Dumb & Broke,Khalid
Gucci Gang,Lil Pump
Marry Me,Thomas Rhett
Sorry Not Sorry,Demi Lovato
Outside Today,YoungBoy Never Broke Again
1-800-273-8255,Logic Featuring Alessia Cara & Khalid
I Get The Bag,Gucci Mane Featuring Migos
River,Eminem Featuring Ed Sheeran
Ric Flair Drip,Offset & Metro Boomin
Lemon,N*E*R*D & Rihanna
End Game,Taylor Swift Featuring Ed Sheeran & Future
Let Me Go,Hailee Steinfeld & Alesso Featuring Florida Georgia Line & Watt
Roll In Peace,Kodak Black Featuring XXXTENTACION
Walk It Talk It,Migos Featuring Drake
El Farsante,Ozuna & Romeo Santos
Narcos,Migos
Written In The Sand,Old Dominion
You Make It Easy,Jason Aldean
Good Old Days,Macklemore Featuring Kesha
Five More Minutes,Scotty McCreery
Wait,Maroon 5
The Champion,Carrie Underwood Featuring Ludacris
Pick It Up,Famous Dex Featuring A$AP Rocky
Yours,Russell Dickerson
Broken Halos,Chris Stapleton
New Freezer,Rich The Kid Featuring Kendrick Lamar
Heaven,Kane Brown
You Broke Up With Me,Walker Hayes
This Is Me,Keala Settle & The Greatest Showman Ensemble
Betrayed,Lil Xan
One Foot,WALK THE MOON
Like I Loved You,Brett Young
Keke,"6ix9ine, Fetty Wap & A Boogie Wit da Hoodie"
Echame La Culpa,Luis Fonsi & Demi Lovato
King's Dead,"Jay Rock, Kendrick Lamar, Future & James Blake"
Nowadays,Lil Skies Featuring Landon Cube
Losing Sleep,Chris Young
Notice Me,Migos Featuring Post Malone
Man Of The Woods,Justin Timberlake
All On Me,Devin Dawson
Legends,Kelsea Ballerini
No Smoke,YoungBoy Never Broke Again
Red Roses,Lil Skies Featuring Landon Cube
Beautiful Trauma,P!nk
Tell Me You Love Me,Demi Lovato
Candy Paint,Post Malone
Dura,Daddy Yankee
La Modelo,Ozuna x Cardi B
Diplomatic Immunity,Drake
Most People Are Good,Luke Bryan
Rewrite The Stars,Zac Efron & Zendaya
Codeine Dreaming,Kodak Black Featuring Lil Wayne
Whatever It Takes,Imagine Dragons
IDGAF,Dua Lipa
BBO (Bad Bitches Only),Migos Featuring 21 Savage
Hardaway,Derez De'Shon
Mayores,Becky G Featuring Bad Bunny
At The Club,Jacquees X Dej Loaf
The Long Way,Brett Eldredge
Singles You Up,Jordan Davis
Criminal,Natti Natasha x Ozuna
Corazon,Maluma X Nego do Borel
Sick Boy,The Chainsmokers
A Girl Like You,Easton Corbin
Rock,Plies
Supplies,Justin Timberlake
God's Plan,Drake
Perfect,Ed Sheeran
Finesse,Bruno Mars & Cardi B
Havana,Camila Cabello Featuring Young Thug
Rockstar,Post Malone Featuring 21 Savage
Look Alive,BlocBoy JB Featuring Drake
Meant To Be,Bebe Rexha & Florida Georgia Line
New Rules,Dua Lipa
All The Stars,Kendrick Lamar & SZA
Stir Fry,Migos
Pray For Me,The Weeknd & Kendrick Lamar
Let You Down,NF
Love.,Kendrick Lamar Featuring Zacari
Him & I,G-Eazy & Halsey
Thunder,Imagine Dragons
Bad At Love,Halsey
The Middle,"Zedd, Maren Morris & Grey"
MotorSport,"Migos, Nicki Minaj & Cardi B"
I Fall Apart,Post Malone
No Limit,G-Eazy Featuring A$AP Rocky & Cardi B
How Long,Charlie Puth
Mine,Bazzi
Bartier Cardi,Cardi B Featuring 21 Savage
Shape Of You,Ed Sheeran
Bodak Yellow (Money Moves),Cardi B
Wolves,Selena Gomez X Marshmello
Lights Down Low,MAX Featuring gnash
Gummo,6ix9ine
Never Be The Same,Camila Cabello
Feel It Still,Portugal. The Man
Say Something,Justin Timberlake Featuring Chris Stapleton
Young Dumb & Broke,Khalid
Sky Walker,Miguel Featuring Travis Scott
Plain Jane,A$AP Ferg Featuring Nicki Minaj
River,Eminem Featuring Ed Sheeran
Marry Me,Thomas Rhett
Outside Today,YoungBoy Never Broke Again
King's Dead,"Jay Rock, Kendrick Lamar, Future & James Blake"
Too Good At Goodbyes,Sam Smith
Sorry Not Sorry,Demi Lovato
Ric Flair Drip,Offset & Metro Boomin
Gucci Gang,Lil Pump
Wait,Maroon 5
I Get The Bag,Gucci Mane Featuring Migos
1-800-273-8255,Logic Featuring Alessia Cara & Khalid
Lemon,N*E*R*D & Rihanna
You Make It Easy,Jason Aldean
Let Me Go,Hailee Steinfeld & Alesso Featuring Florida Georgia Line & Watt
X,"ScHoolboy Q, 2 Chainz & Saudi"
Roll In Peace,Kodak Black Featuring XXXTENTACION
Five More Minutes,Scotty McCreery
Walk It Talk It,Migos Featuring Drake
New Freezer,Rich The Kid Featuring Kendrick Lamar
Good Old Days,Macklemore Featuring Kesha
Written In The Sand,Old Dominion
El Farsante,Ozuna & Romeo Santos
Heaven,Kane Brown
Narcos,Migos
Broken Halos,Chris Stapleton
Pick It Up,Famous Dex Featuring A$AP Rocky
Dura,Daddy Yankee
Plug Walk,Rich The Kid
The Ways,Khalid & Swae Lee
Yours,Russell Dickerson
End Game,Taylor Swift Featuring Ed Sheeran & Future
You Broke Up With Me,Walker Hayes
Paramedic!,SOB X RBE
Legends,Kelsea Ballerini
Betrayed,Lil Xan
Nowadays,Lil Skies Featuring Landon Cube
Big Shot,Kendrick Lamar & Travis Scott
Friends,Marshmello & Anne-Marie
All On Me,Devin Dawson
Notice Me,Migos Featuring Post Malone
Whatever It Takes,Imagine Dragons
For You (Fifty Shades Freed),Liam Payne & Rita Ora
Keke,"6ix9ine, Fetty Wap & A Boogie Wit da Hoodie"
No Smoke,YoungBoy Never Broke Again
Echame La Culpa,Luis Fonsi & Demi Lovato
Tell Me You Love Me,Demi Lovato
Red Roses,Lil Skies Featuring Landon Cube
Most People Are Good,Luke Bryan
This Is Me,Keala Settle & The Greatest Showman Ensemble
Candy Paint,Post Malone
Hardaway,Derez De'Shon
La Modelo,Ozuna x Cardi B
One Foot,WALK THE MOON
Beautiful Trauma,P!nk
Singles You Up,Jordan Davis
Filthy,Justin Timberlake
Black Panther,Kendrick Lamar
At The Club,Jacquees X Dej Loaf
Codeine Dreaming,Kodak Black Featuring Lil Wayne
The Long Way,Brett Eldredge
Rock,Plies
I Like Me Better,Lauv
When We,Tank
Criminal,Natti Natasha x Ozuna
IDGAF,Dua Lipa
Rewrite The Stars,Zac Efron & Zendaya
God's Plan,Drake
Perfect,Ed Sheeran
Finesse,Bruno Mars & Cardi B
Havana,Camila Cabello Featuring Young Thug
Look Alive,BlocBoy JB Featuring Drake
Rockstar,Post Malone Featuring 21 Savage
All The Stars,Kendrick Lamar & SZA
Meant To Be,Bebe Rexha & Florida Georgia Line
Pray For Me,The Weeknd & Kendrick Lamar
Stir Fry,Migos
New Rules,Dua Lipa
Let You Down,NF
The Middle,"Zedd, Maren Morris & Grey"
Him & I,G-Eazy & Halsey
Love.,Kendrick Lamar Featuring Zacari
Thunder,Imagine Dragons
Bad At Love,Halsey
Mine,Bazzi
I Fall Apart,Post Malone
Lights Down Low,MAX Featuring gnash
How Long,Charlie Puth
MotorSport,"Migos, Nicki Minaj & Cardi B"
King's Dead,"Jay Rock, Kendrick Lamar, Future & James Blake"
Shape Of You,Ed Sheeran
Gummo,6ix9ine
Bartier Cardi,Cardi B Featuring 21 Savage
No Limit,G-Eazy Featuring A$AP Rocky & Cardi B
Never Be The Same,Camila Cabello
Wolves,Selena Gomez X Marshmello
Say Something,Justin Timberlake Featuring Chris Stapleton
Young Dumb & Broke,Khalid
Feel It Still,Portugal. The Man
Bodak Yellow (Money Moves),Cardi B
River,Eminem Featuring Ed Sheeran
Outside Today,YoungBoy Never Broke Again
Marry Me,Thomas Rhett
Sky Walker,Miguel Featuring Travis Scott
Plain Jane,A$AP Ferg Featuring Nicki Minaj
Wait,Maroon 5
Ric Flair Drip,Offset & Metro Boomin
Sorry Not Sorry,Demi Lovato
You Make It Easy,Jason Aldean
Love Lies,Khalid & Normani
Five More Minutes,Scotty McCreery
Too Good At Goodbyes,Sam Smith
New Freezer,Rich The Kid Featuring Kendrick Lamar
Gucci Gang,Lil Pump
Lemon,N*E*R*D & Rihanna
I Get The Bag,Gucci Mane Featuring Migos
Let Me Go,Hailee Steinfeld & Alesso Featuring Florida Georgia Line & Watt
Good Old Days,Macklemore Featuring Kesha
Walk It Talk It,Migos Featuring Drake
Broken Halos,Chris Stapleton
Heaven,Kane Brown
X,"ScHoolboy Q, 2 Chainz & Saudi"
El Farsante,Ozuna & Romeo Santos
Dura,Daddy Yankee
Friends,Marshmello & Anne-Marie
Written In The Sand,Old Dominion
Whatever It Takes,Imagine Dragons
Pick It Up,Famous Dex Featuring A$AP Rocky
Narcos,Migos
Most People Are Good,Luke Bryan
You Broke Up With Me,Walker Hayes
Paramedic!,SOB X RBE
Betrayed,Lil Xan
Yours,Russell Dickerson
The Ways,Khalid & Swae Lee
Plug Walk,Rich The Kid
All On Me,Devin Dawson
Tell Me You Love Me,Demi Lovato
La Modelo,Ozuna x Cardi B
Nowadays,Lil Skies Featuring Landon Cube
No Smoke,YoungBoy Never Broke Again
Hardaway,Derez De'Shon
Echame La Culpa,Luis Fonsi & Demi Lovato
Singles You Up,Jordan Davis
Red Roses,Lil Skies Featuring Landon Cube
When We,Tank
The Long Way,Brett Eldredge
Beautiful Trauma,P!nk
Keke,"6ix9ine, Fetty Wap & A Boogie Wit da Hoodie"
Big Shot,Kendrick Lamar & Travis Scott
Candy Paint,Post Malone
This Is Me,Keala Settle & The Greatest Showman Ensemble
At The Club,Jacquees X Dej Loaf
Legends,Kelsea Ballerini
Notice Me,Migos Featuring Post Malone
Codeine Dreaming,Kodak Black Featuring Lil Wayne
I Like Me Better,Lauv
End Game,Taylor Swift Featuring Ed Sheeran & Future
For You (Fifty Shades Freed),Liam Payne & Rita Ora
Get You,Daniel Caesar Featuring Kali Uchis
Corazon,Maluma X Nego do Borel
Rock,Plies
IDGAF,Dua Lipa
Rubbin Off The Paint,YBN Nahmir
One Foot,WALK THE MOON
Female,Keith Urban
Mayores,Becky G Featuring Bad Bunny
God's Plan,Drake
Psycho,Post Malone Featuring Ty Dolla $ign
Perfect,Ed Sheeran
Finesse,Bruno Mars & Cardi B
Havana,Camila Cabello Featuring Young Thug
Look Alive,BlocBoy JB Featuring Drake
Meant To Be,Bebe Rexha & Florida Georgia Line
Rockstar,Post Malone Featuring 21 Savage
Pray For Me,The Weeknd & Kendrick Lamar
All The Stars,Kendrick Lamar & SZA
The Middle,"Zedd, Maren Morris & Grey"
Stir Fry,Migos
Let You Down,NF
New Rules,Dua Lipa
Him & I,G-Eazy & Halsey
Gummo,6ix9ine
Thunder,Imagine Dragons
I Fall Apart,Post Malone
Love.,Kendrick Lamar Featuring Zacari
Mine,Bazzi
Bad At Love,Halsey
44 More,Logic
Lights Down Low,MAX Featuring gnash
Never Be The Same,Camila Cabello
Wolves,Selena Gomez X Marshmello
Bartier Cardi,Cardi B Featuring 21 Savage
How Long,Charlie Puth
King's Dead,"Jay Rock, Kendrick Lamar, Future & James Blake"
Say Something,Justin Timberlake Featuring Chris Stapleton
MotorSport,"Migos, Nicki Minaj & Cardi B"
No Limit,G-Eazy Featuring A$AP Rocky & Cardi B
Feel It Still,Portugal. The Man
Young Dumb & Broke,Khalid
Marry Me,Thomas Rhett
Outside Today,YoungBoy Never Broke Again
Ric Flair Drip,Offset & Metro Boomin
Sky Walker,Miguel Featuring Travis Scott
You Make It Easy,Jason Aldean
Wait,Maroon 5
Bodak Yellow (Money Moves),Cardi B
Plain Jane,A$AP Ferg Featuring Nicki Minaj
New Freezer,Rich The Kid Featuring Kendrick Lamar
Whatever It Takes,Imagine Dragons
Heaven,Kane Brown
Sorry Not Sorry,Demi Lovato
River,Eminem Featuring Ed Sheeran
Five More Minutes,Scotty McCreery
Good Old Days,Macklemore Featuring Kesha
Broken Halos,Chris Stapleton
Dura,Daddy Yankee
Lemon,N*E*R*D & Rihanna
El Farsante,Ozuna & Romeo Santos
Walk It Talk It,Migos Featuring Drake
Pick It Up,Famous Dex Featuring A$AP Rocky
Plug Walk,Rich The Kid
Friends,Marshmello & Anne-Marie
Most People Are Good,Luke Bryan
Love Lies,Khalid & Normani
Written In The Sand,Old Dominion
Billy,6ix9ine
Want You Back,5 Seconds Of Summer
Nowadays,Lil Skies Featuring Landon Cube
Keke,"6ix9ine, Fetty Wap & A Boogie Wit da Hoodie"
X,"ScHoolboy Q, 2 Chainz & Saudi"
Narcos,Migos
Betrayed,Lil Xan
Hardaway,Derez De'Shon
Singles You Up,Jordan Davis
All On Me,Devin Dawson
No Smoke,YoungBoy Never Broke Again
Candy Paint,Post Malone
Yours,Russell Dickerson
Rondo,6ix9ine Featuring Tory Lanez & Young Thug
You Broke Up With Me,Walker Hayes
The Long Way,Brett Eldredge
Paramedic!,SOB X RBE
Red Roses,Lil Skies Featuring Landon Cube
IDGAF,Dua Lipa
Echame La Culpa,Luis Fonsi & Demi Lovato
La Modelo,Ozuna x Cardi B
Booty,Blac Youngsta
Dark Knight Dummo,Trippie Redd Featuring Travis Scott
Beautiful Trauma,P!nk
Tell Me You Love Me,Demi Lovato
Rubbin Off The Paint,YBN Nahmir
At The Club,Jacquees X Dej Loaf
This Is Me,Keala Settle & The Greatest Showman Ensemble
I Like Me Better,Lauv
Kooda,6ix9ine
The Ways,Khalid & Swae Lee
When We,Tank
Notice Me,Migos Featuring Post Malone
Corazon,Maluma X Nego do Borel
Get You,Daniel Caesar Featuring Kali Uchis
Codeine Dreaming,Kodak Black Featuring Lil Wayne
She's With Me,High Valley
Mayores,Becky G Featuring Bad Bunny
Break Up In The End,Cole Swindell
Make Me Feel,Janelle Monae
Rock,Plies
God's Plan,Drake
Perfect,Ed Sheeran
Finesse,Bruno Mars & Cardi B
Psycho,Post Malone Featuring Ty Dolla $ign
Meant To Be,Bebe Rexha & Florida Georgia Line
Havana,Camila Cabello Featuring Young Thug
Look Alive,BlocBoy JB Featuring Drake
The Middle,"Zedd, Maren Morris & Grey"
Pray For Me,The Weeknd & Kendrick Lamar
Stir Fry,Migos
All The Stars,Kendrick Lamar & SZA
Rockstar,Post Malone Featuring 21 Savage
Let You Down,NF
New Rules,Dua Lipa
Him & I,G-Eazy & Halsey
Ric Flair Drip,Offset & Metro Boomin
Sad!,XXXTENTACION
Mine,Bazzi
Never Be The Same,Camila Cabello
Thunder,Imagine Dragons
I Fall Apart,Post Malone
Top Off,"DJ Khaled Featuring JAY Z, Future & B"
King's Dead,"Jay Rock, Kendrick Lamar, Future & James Blake"
Lights Down Low,MAX Featuring gnash
Wolves,Selena Gomez X Marshmello
Love.,Kendrick Lamar Featuring Zacari
Bad At Love,Halsey
Gummo,6ix9ine
Bartier Cardi,Cardi B Featuring 21 Savage
Feel It Still,Portugal. The Man
Outside Today,YoungBoy Never Broke Again
Say Something,Justin Timberlake Featuring Chris Stapleton
Marry Me,Thomas Rhett
Whatever It Takes,Imagine Dragons
MotorSport,"Migos, Nicki Minaj & Cardi B"
No Limit,G-Eazy Featuring A$AP Rocky & Cardi B
How Long,Charlie Puth
You Make It Easy,Jason Aldean
Wait,Maroon 5
Young Dumb & Broke,Khalid
Sky Walker,Miguel Featuring Travis Scott
Heaven,Kane Brown
Everyday,Logic & Marshmello
New Freezer,Rich The Kid Featuring Kendrick Lamar
Plain Jane,A$AP Ferg Featuring Nicki Minaj
No Excuses,Meghan Trainor
Changes,XXXTENTACION
Plug Walk,Rich The Kid
Sorry Not Sorry,Demi Lovato
Good Old Days,Macklemore Featuring Kesha
Broken Halos,Chris Stapleton
Friends,Marshmello & Anne-Marie
Billy,6ix9ine
Dura,Daddy Yankee
Five More Minutes,Scotty McCreery
Lemon,N*E*R*D & Rihanna
Most People Are Good,Luke Bryan
Nowadays,Lil Skies Featuring Landon Cube
Walk It Talk It,Migos Featuring Drake
This Is Me,Keala Settle & The Greatest Showman Ensemble
River,Eminem Featuring Ed Sheeran
Singles You Up,Jordan Davis
Pick It Up,Famous Dex Featuring A$AP Rocky
El Farsante,Ozuna & Romeo Santos
44 More,Logic
Love Lies,Khalid & Normani
All On Me,Devin Dawson
Written In The Sand,Old Dominion
Hardaway,Derez De'Shon
The Champion,Carrie Underwood Featuring Ludacris
IDGAF,Dua Lipa
Betrayed,Lil Xan
Booty,Blac Youngsta
Narcos,Migos
No Smoke,YoungBoy Never Broke Again
Powerglide,Rae Sremmurd & Juicy J
The Long Way,Brett Eldredge
Red Roses,Lil Skies Featuring Landon Cube
When We,Tank
X,Nicky Jam x J Balvin
Beautiful Trauma,P!nk
Candy Paint,Post Malone
La Modelo,Ozuna x Cardi B
I Like Me Better,Lauv
Dark Knight Dummo,Trippie Redd Featuring Travis Scott
At The Club,Jacquees X Dej Loaf
Rubbin Off The Paint,YBN Nahmir
Echame La Culpa,Luis Fonsi & Demi Lovato
X,"ScHoolboy Q, 2 Chainz & Saudi"
Keke,"6ix9ine, Fetty Wap & A Boogie Wit da Hoodie"
Stranger Things,Joyner Lucas & Chris Brown
Paramedic!,SOB X RBE
She's With Me,High Valley
Tell Me You Love Me,Demi Lovato
Get You,Daniel Caesar Featuring Kali Uchis
Tempo,Chris Brown
Corazon,Maluma X Nego do Borel
Sativa,Jhene Aiko Featuring Swae Lee Or Rae Sremmurd
I Lived It,Blake Shelton
Broken Clocks,SZA
God's Plan,Drake
Perfect,Ed Sheeran
Finesse,Bruno Mars & Cardi B
Meant To Be,Bebe Rexha & Florida Georgia Line
Psycho,Post Malone Featuring Ty Dolla $ign
The Middle,"Zedd, Maren Morris & Grey"
Havana,Camila Cabello Featuring Young Thug
Pray For Me,The Weeknd & Kendrick Lamar
Look Alive,BlocBoy JB Featuring Drake
All The Stars,Kendrick Lamar & SZA
Stir Fry,Migos
Rockstar,Post Malone Featuring 21 Savage
Let You Down,NF
New Rules,Dua Lipa
Ric Flair Drip,Offset & Metro Boomin
Never Be The Same,Camila Cabello
Mine,Bazzi
Him & I,G-Eazy & Halsey
Sad!,XXXTENTACION
Thunder,Imagine Dragons
King's Dead,"Jay Rock, Kendrick Lamar, Future & James Blake"
I Fall Apart,Post Malone
Lights Down Low,MAX Featuring gnash
Whatever It Takes,Imagine Dragons
Plug Walk,Rich The Kid
Say Something,Justin Timberlake Featuring Chris Stapleton
Bad At Love,Halsey
Feel It Still,Portugal. The Man
Everyday,Logic & Marshmello
Marry Me,Thomas Rhett
Bartier Cardi,Cardi B Featuring 21 Savage
Wait,Maroon 5
Wolves,Selena Gomez X Marshmello
You Make It Easy,Jason Aldean
Outside Today,YoungBoy Never Broke Again
Heaven,Kane Brown
Love.,Kendrick Lamar Featuring Zacari
How Long,Charlie Puth
No Limit,G-Eazy Featuring A$AP Rocky & Cardi B
MotorSport,"Migos, Nicki Minaj & Cardi B"
Friends,Marshmello & Anne-Marie
Young Dumb & Broke,Khalid
New Freezer,Rich The Kid Featuring Kendrick Lamar
Sky Walker,Miguel Featuring Travis Scott
Broken Halos,Chris Stapleton
44 More,Logic
Plain Jane,A$AP Ferg Featuring Nicki Minaj
Sorry Not Sorry,Demi Lovato
Top Off,"DJ Khaled Featuring JAY Z, Future & B"
Billy,6ix9ine
Most People Are Good,Luke Bryan
Gummo,6ix9ine
Dura,Daddy Yankee
Zombie,Bad Wolves
Five More Minutes,Scotty McCreery
Indica Badu,Logic Featuring Wiz Khalifa
Singles You Up,Jordan Davis
Love Lies,Khalid & Normani
Changes,XXXTENTACION
Contra,Logic
Lemon,N*E*R*D & Rihanna
Nowadays,Lil Skies Featuring Landon Cube
NBAYoungboat,Lil Yachty Featuring NBA YoungBoy
IDGAF,Dua Lipa
All On Me,Devin Dawson
El Farsante,Ozuna & Romeo Santos
No Excuses,Meghan Trainor
Overnight,Logic
Walk It Talk It,Migos Featuring Drake
Pick It Up,Famous Dex Featuring A$AP Rocky
X,Nicky Jam x J Balvin
Hardaway,Derez De'Shon
66,Lil Yachty Featuring Trippie Redd
Midnight,Logic
Tell Me You Love Me,Demi Lovato
Powerglide,Rae Sremmurd & Juicy J
The Long Way,Brett Eldredge
Red Roses,Lil Skies Featuring Landon Cube
Betrayed,Lil Xan
No Smoke,YoungBoy Never Broke Again
Written In The Sand,Old Dominion
I Like Me Better,Lauv
Wassup,Logic Featuring Big Sean
Delicate,Taylor Swift
River,Eminem Featuring Ed Sheeran
When We,Tank
Yuck,Logic
Boom!,Lil Yachty Featuring Ugly God
Booty,Blac Youngsta
Beautiful Trauma,P!nk
This Is Me,Keala Settle & The Greatest Showman Ensemble
Narcos,Migos
X,"ScHoolboy Q, 2 Chainz & Saudi"
At The Club,Jacquees X Dej Loaf
I Lived It,Blake Shelton
She's With Me,High Valley
BoomTrap Protocol,Logic
Warm It Up,Logic Featuring Young Sinatra
Echame La Culpa,Luis Fonsi & Demi Lovato
Dark Knight Dummo,Trippie Redd Featuring Travis Scott
God's Plan,Drake
Meant To Be,Bebe Rexha & Florida Georgia Line
Perfect,Ed Sheeran
Finesse,Bruno Mars & Cardi B
Psycho,Post Malone Featuring Ty Dolla $ign
The Middle,"Zedd, Maren Morris & Grey"
Sad!,XXXTENTACION
Havana,Camila Cabello Featuring Young Thug
Freaky Friday,Lil Dicky Featuring Chris Brown
Pray For Me,The Weeknd & Kendrick Lamar
Look Alive,BlocBoy JB Featuring Drake
Stir Fry,Migos
Ric Flair Drip,Offset & Metro Boomin
All The Stars,Kendrick Lamar & SZA
Mine,Bazzi
New Rules,Dua Lipa
Let You Down,NF
Rockstar,Post Malone Featuring 21 Savage
Never Be The Same,Camila Cabello
Walk It Talk It,Migos Featuring Drake
Him & I,G-Eazy & Halsey
Thunder,Imagine Dragons
Plug Walk,Rich The Kid
Whatever It Takes,Imagine Dragons
I Fall Apart,Post Malone
Lights Down Low,MAX Featuring gnash
King's Dead,"Jay Rock, Kendrick Lamar, Future & James Blake"
Friends,Marshmello & Anne-Marie
Wait,Maroon 5
Heaven,Kane Brown
Marry Me,Thomas Rhett
Say Something,Justin Timberlake Featuring Chris Stapleton
Bad At Love,Halsey
Feel It Still,Portugal. The Man
Moonlight,XXXTENTACION
You Make It Easy,Jason Aldean
Changes,XXXTENTACION
Bartier Cardi,Cardi B Featuring 21 Savage
Outside Today,YoungBoy Never Broke Again
Lemon,N*E*R*D & Rihanna
Wolves,Selena Gomez X Marshmello
Love.,Kendrick Lamar Featuring Zacari
MotorSport,"Migos, Nicki Minaj & Cardi B"
No Limit,G-Eazy Featuring A$AP Rocky & Cardi B
New Freezer,Rich The Kid Featuring Kendrick Lamar
Young Dumb & Broke,Khalid
Most People Are Good,Luke Bryan
How Long,Charlie Puth
Found / Tonight,Lin-Manuel Miranda & Ben Platt
Sky Walker,Miguel Featuring Travis Scott
Powerglide,Rae Sremmurd & Juicy J
All On Me,Devin Dawson
Love Lies,Khalid & Normani
Dura,Daddy Yankee
Broken Halos,Chris Stapleton
Everyday,Logic & Marshmello
Singles You Up,Jordan Davis
IDGAF,Dua Lipa
X,Nicky Jam x J Balvin
Five More Minutes,Scotty McCreery
Billy,6ix9ine
Top Off,"DJ Khaled Featuring JAY Z, Future & B"
Gummo,6ix9ine
No Excuses,Meghan Trainor
Hardaway,Derez De'Shon
Delicate,Taylor Swift
The Remedy For A Broke Heart (Why Am I So In Love),XXXTENTACION
Zombie,Bad Wolves
El Farsante,Ozuna & Romeo Santos
44 More,Logic
Pick It Up,Famous Dex Featuring A$AP Rocky
In My Blood,Shawn Mendes
Tell Me You Love Me,Demi Lovato
The Long Way,Brett Eldredge
Red Roses,Lil Skies Featuring Landon Cube
Betrayed,Lil Xan
NBAYoungboat,Lil Yachty Featuring NBA YoungBoy
When We,Tank
No Smoke,YoungBoy Never Broke Again
I Like Me Better,Lauv
Nowadays,Lil Skies Featuring Landon Cube
Numb,XXXTENTACION
Infinity (888),XXXTENTACION Featuring Joey Bada$$
One Number Away,Luke Combs
I Lived It,Blake Shelton
Sit Next To Me,Foster The People
Tequila,Dan + Shay
Narcos,Migos
Booty,Blac Youngsta
She's With Me,High Valley
Sativa,Jhene Aiko Featuring Swae Lee Or Rae Sremmurd
Written In The Sand,Old Dominion
Beautiful Trauma,P!nk
Tempo,Chris Brown
Going Down!,XXXTENTACION
At The Club,Jacquees X Dej Loaf
Echame La Culpa,Luis Fonsi & Demi Lovato
La Modelo,Ozuna x Cardi B
Dark Knight Dummo,Trippie Redd Featuring Travis Scott
Everybody Hates Me,The Chainsmokers
God's Plan,Drake
Meant To Be,Bebe Rexha & Florida Georgia Line
Finesse,Bruno Mars & Cardi B
Psycho,Post Malone Featuring Ty Dolla $ign
Perfect,Ed Sheeran
Look Alive,BlocBoy JB Featuring Drake
The Middle,"Zedd, Maren Morris & Grey"
Freaky Friday,Lil Dicky Featuring Chris Brown
Sad!,XXXTENTACION
Havana,Camila Cabello Featuring Young Thug
Mine,Bazzi
Pray For Me,The Weeknd & Kendrick Lamar
Stir Fry,Migos
Never Be The Same,Camila Cabello
Walk It Talk It,Migos Featuring Drake
All The Stars,Kendrick Lamar & SZA
Ric Flair Drip,Offset & Metro Boomin
Plug Walk,Rich The Kid
Let You Down,NF
New Rules,Dua Lipa
Rockstar,Post Malone Featuring 21 Savage
In My Blood,Shawn Mendes
Whatever It Takes,Imagine Dragons
Thunder,Imagine Dragons
Him & I,G-Eazy & Halsey
Wait,Maroon 5
Lights Down Low,MAX Featuring gnash
Heaven,Kane Brown
I Fall Apart,Post Malone
Friends,Marshmello & Anne-Marie
King's Dead,"Jay Rock, Kendrick Lamar, Future & James Blake"
Feel It Still,Portugal. The Man
Say Something,Justin Timberlake Featuring Chris Stapleton
You Make It Easy,Jason Aldean
Marry Me,Thomas Rhett
Lemon,N*E*R*D & Rihanna
Bad At Love,Halsey
Powerglide,Rae Sremmurd & Juicy J
Changes,XXXTENTACION
Outside Today,YoungBoy Never Broke Again
No Limit,G-Eazy Featuring A$AP Rocky & Cardi B
New Freezer,Rich The Kid Featuring Kendrick Lamar
Love.,Kendrick Lamar Featuring Zacari
Wolves,Selena Gomez X Marshmello
MotorSport,"Migos, Nicki Minaj & Cardi B"
Most People Are Good,Luke Bryan
Bartier Cardi,Cardi B Featuring 21 Savage
Moonlight,XXXTENTACION
Love Lies,Khalid & Normani
Singles You Up,Jordan Davis
X,Nicky Jam x J Balvin
Delicate,Taylor Swift
Dura,Daddy Yankee
IDGAF,Dua Lipa
No Excuses,Meghan Trainor
Gummo,6ix9ine
Billy,6ix9ine
Broken Halos,Chris Stapleton
Tell Me You Love Me,Demi Lovato
Say Amen (Saturday Night),Panic! At The Disco
Hardaway,Derez De'Shon
All On Me,Devin Dawson
El Farsante,Ozuna & Romeo Santos
Lost In Japan,Shawn Mendes
Zombie,Bad Wolves
Top Off,"DJ Khaled Featuring JAY Z, Future & B"
Everyday,Logic & Marshmello
The Long Way,Brett Eldredge
Red Roses,Lil Skies Featuring Landon Cube
Japan,Famous Dex
Pick It Up,Famous Dex Featuring A$AP Rocky
Five More Minutes,Scotty McCreery
One Number Away,Luke Combs
Tequila,Dan + Shay
NBAYoungboat,Lil Yachty Featuring NBA YoungBoy
I Like Me Better,Lauv
Betrayed,Lil Xan
Sit Next To Me,Foster The People
No Smoke,YoungBoy Never Broke Again
Sativa,Jhene Aiko Featuring Swae Lee Or Rae Sremmurd
She's With Me,High Valley
When We,Tank
I Lived It,Blake Shelton
Nowadays,Lil Skies Featuring Landon Cube
44 More,Logic
Up Down,Morgan Wallen Featuring Florida Georgia Line
This Is Me,Keala Settle & The Greatest Showman Ensemble
Beautiful Trauma,P!nk
Narcos,Migos
Echame La Culpa,Luis Fonsi & Demi Lovato
Written In The Sand,Old Dominion
Tempo,Chris Brown
Booty,Blac Youngsta
La Modelo,Ozuna x Cardi B
For The First Time,Darius Rucker
Rubbin Off The Paint,YBN Nahmir
The Remedy For A Broke Heart (Why Am I So In Love),XXXTENTACION
Dark Knight Dummo,Trippie Redd Featuring Travis Scott
Get You,Daniel Caesar Featuring Kali Uchis
No Roots,Alice Merton
God's Plan,Drake
Meant To Be,Bebe Rexha & Florida Georgia Line
Psycho,Post Malone Featuring Ty Dolla $ign
Call Out My Name,The Weeknd
Look Alive,BlocBoy JB Featuring Drake
The Middle,"Zedd, Maren Morris & Grey"
Perfect,Ed Sheeran
Finesse,Bruno Mars & Cardi B
Freaky Friday,Lil Dicky Featuring Chris Brown
Walk It Talk It,Migos Featuring Drake
Havana,Camila Cabello Featuring Young Thug
Mine,Bazzi
Plug Walk,Rich The Kid
Never Be The Same,Camila Cabello
Pray For Me,The Weeknd & Kendrick Lamar
Be Careful,Cardi B
Stir Fry,Migos
Sad!,XXXTENTACION
All The Stars,Kendrick Lamar & SZA
Ric Flair Drip,Offset & Metro Boomin
Rockstar,Post Malone Featuring 21 Savage
New Rules,Dua Lipa
Whatever It Takes,Imagine Dragons
Let You Down,NF
Friends,Marshmello & Anne-Marie
Try Me,The Weeknd
Wasted Times,The Weeknd
Heaven,Kane Brown
Thunder,Imagine Dragons
Wait,Maroon 5
In My Blood,Shawn Mendes
Him & I,G-Eazy & Halsey
Lights Down Low,MAX Featuring gnash
Powerglide,Rae Sremmurd & Juicy J
I Was Never There,The Weeknd Featuring Gesaffelstein
You Make It Easy,Jason Aldean
Say Something,Justin Timberlake Featuring Chris Stapleton
Feel It Still,Portugal. The Man
I Fall Apart,Post Malone
King's Dead,"Jay Rock, Kendrick Lamar, Future & James Blake"
New Freezer,Rich The Kid Featuring Kendrick Lamar
Bad At Love,Halsey
Hurt You,The Weeknd Featuring Gesaffelstein
Marry Me,Thomas Rhett
Medicine,Queen Naija
Delicate,Taylor Swift
X,Nicky Jam x J Balvin
Lemon,N*E*R*D & Rihanna
Most People Are Good,Luke Bryan
Singles You Up,Jordan Davis
Bartier Cardi,Cardi B Featuring 21 Savage
Privilege,The Weeknd
Japan,Famous Dex
Outside Today,YoungBoy Never Broke Again
No Excuses,Meghan Trainor
Love Lies,Khalid & Normani
IDGAF,Dua Lipa
Changes,XXXTENTACION
Dura,Daddy Yankee
Billy,6ix9ine
Zombie,Bad Wolves
Tell Me You Love Me,Demi Lovato
El Farsante,Ozuna & Romeo Santos
Broken Halos,Chris Stapleton
The Long Way,Brett Eldredge
Tequila,Dan + Shay
One Number Away,Luke Combs
Hardaway,Derez De'Shon
Everyday,Logic & Marshmello
Top Off,"DJ Khaled Featuring JAY Z, Future & B"
Moonlight,XXXTENTACION
Sit Next To Me,Foster The People
I Like Me Better,Lauv
Sativa,Jhene Aiko Featuring Swae Lee Or Rae Sremmurd
All On Me,Devin Dawson
Five More Minutes,Scotty McCreery
Red Roses,Lil Skies Featuring Landon Cube
Boo'd Up,Ella Mai
She's With Me,High Valley
When We,Tank
I Lived It,Blake Shelton
Broken Clocks,SZA
Up Down,Morgan Wallen Featuring Florida Georgia Line
No Roots,Alice Merton
Nowadays,Lil Skies Featuring Landon Cube
Say Amen (Saturday Night),Panic! At The Disco
No Smoke,YoungBoy Never Broke Again
Tempo,Chris Brown
OKRA,"Tyler, The Creator"
For The First Time,Darius Rucker
Echame La Culpa,Luis Fonsi & Demi Lovato
Take Back Home Girl,Chris Lane Featuring Tori Kelly
Written In The Sand,Old Dominion
"Woman, Amen",Dierks Bentley
La Modelo,Ozuna x Cardi B
Proud,2 Chainz Featuring YG & Offset
Beautiful Trauma,P!nk
NBAYoungboat,Lil Yachty Featuring NBA YoungBoy
Get You,Daniel Caesar Featuring Kali Uchis
Focus,H.E.R.
Nice For What,Drake
God's Plan,Drake
Meant To Be,Bebe Rexha & Florida Georgia Line
Psycho,Post Malone Featuring Ty Dolla $ign
Look Alive,BlocBoy JB Featuring Drake
The Middle,"Zedd, Maren Morris & Grey"
Perfect,Ed Sheeran
I Like It,"Cardi B, Bad Bunny & J Balvin"
Freaky Friday,Lil Dicky Featuring Chris Brown
Finesse,Bruno Mars & Cardi B
Be Careful,Cardi B
Walk It Talk It,Migos Featuring Drake
Plug Walk,Rich The Kid
Mine,Bazzi
Never Be The Same,Camila Cabello
Havana,Camila Cabello Featuring Young Thug
Pray For Me,The Weeknd & Kendrick Lamar
Sad!,XXXTENTACION
Stir Fry,Migos
Call Out My Name,The Weeknd
Drip,Cardi B Featuring Migos
Whatever It Takes,Imagine Dragons
I Do,Cardi B Featuring SZA
Rockstar,Post Malone Featuring 21 Savage
All The Stars,Kendrick Lamar & SZA
Ric Flair Drip,Offset & Metro Boomin
New Rules,Dua Lipa
Ring,Cardi B Featuring Kehlani
Japan,Famous Dex
Heaven,Kane Brown
Let You Down,NF
Bartier Cardi,Cardi B Featuring 21 Savage
Thunder,Imagine Dragons
Friends,Marshmello & Anne-Marie
Wait,Maroon 5
Powerglide,Rae Sremmurd & Juicy J
In My Blood,Shawn Mendes
Get Up 10,Cardi B
Best Life,Cardi B Featuring Chance The Rapper
Feel It Still,Portugal. The Man
You Make It Easy,Jason Aldean
Say Something,Justin Timberlake Featuring Chris Stapleton
Bickenhead,Cardi B
Him & I,G-Eazy & Halsey
Lights Down Low,MAX Featuring gnash
I Fall Apart,Post Malone
King's Dead,"Jay Rock, Kendrick Lamar, Future & James Blake"
Bad At Love,Halsey
New Freezer,Rich The Kid Featuring Kendrick Lamar
Thru Your Phone,Cardi B
Singles You Up,Jordan Davis
Outside Today,YoungBoy Never Broke Again
No Excuses,Meghan Trainor
Delicate,Taylor Swift
Marry Me,Thomas Rhett
Love Lies,Khalid & Normani
She Bad,Cardi B & YG
Money Bag,Cardi B
Diamond Teeth Samurai,YoungBoy Never Broke Again
Most People Are Good,Luke Bryan
X,Nicky Jam x J Balvin
One Kiss,Calvin Harris & Dua Lipa
Wasted Times,The Weeknd
IDGAF,Dua Lipa
A$AP Forever,A$AP Rocky Featuring Moby
Changes,XXXTENTACION
Zombie,Bad Wolves
Billy,6ix9ine
Tell Me You Love Me,Demi Lovato
Dura,Daddy Yankee
The Long Way,Brett Eldredge
Boo'd Up,Ella Mai
El Farsante,Ozuna & Romeo Santos
Try Me,The Weeknd
One Number Away,Luke Combs
Everyday,Logic & Marshmello
Tequila,Dan + Shay
Moonlight,XXXTENTACION
Sit Next To Me,Foster The People
I Like Me Better,Lauv
Sativa,Jhene Aiko Featuring Swae Lee Or Rae Sremmurd
Broken Halos,Chris Stapleton
Barbie Tingz,Nicki Minaj
Hardaway,Derez De'Shon
Get Along,Kenny Chesney
Medicine,Queen Naija
She's With Me,High Valley
Up Down,Morgan Wallen Featuring Florida Georgia Line
Five More Minutes,Scotty McCreery
Top Off,"DJ Khaled Featuring JAY Z, Future & B"
When We,Tank
Chun-Li,Nicki Minaj
All On Me,Devin Dawson
Red Roses,Lil Skies Featuring Landon Cube
I Lived It,Blake Shelton
No Roots,Alice Merton
Broken Clocks,SZA
For The First Time,Darius Rucker
Proud,2 Chainz Featuring YG & Offset
Alone,Halsey Featuring Big Sean & Stefflon Don
Nice For What,Drake
God's Plan,Drake
Meant To Be,Bebe Rexha & Florida Georgia Line
Psycho,Post Malone Featuring Ty Dolla $ign
The Middle,"Zedd, Maren Morris & Grey"
Look Alive,BlocBoy JB Featuring Drake
Perfect,Ed Sheeran
Freaky Friday,Lil Dicky Featuring Chris Brown
I Like It,"Cardi B, Bad Bunny & J Balvin"
Chun-Li,Nicki Minaj
Walk It Talk It,Migos Featuring Drake
Finesse,Bruno Mars & Cardi B
Never Be The Same,Camila Cabello
Mine,Bazzi
Be Careful,Cardi B
Plug Walk,Rich The Kid
Call Out My Name,The Weeknd
Pray For Me,The Weeknd & Kendrick Lamar
Havana,Camila Cabello Featuring Young Thug
Whatever It Takes,Imagine Dragons
Friends,Marshmello & Anne-Marie
Sad!,XXXTENTACION
Stir Fry,Migos
Esskeetit,Lil Pump
Barbie Tingz,Nicki Minaj
Heaven,Kane Brown
Rockstar,Post Malone Featuring 21 Savage
Japan,Famous Dex
You Make It Easy,Jason Aldean
New Rules,Dua Lipa
All The Stars,Kendrick Lamar & SZA
Ric Flair Drip,Offset & Metro Boomin
Drip,Cardi B Featuring Migos
Thunder,Imagine Dragons
Powerglide,Rae Sremmurd & Juicy J
Wait,Maroon 5
Let You Down,NF
In My Blood,Shawn Mendes
Feel It Still,Portugal. The Man
Bartier Cardi,Cardi B Featuring 21 Savage
Say Something,Justin Timberlake Featuring Chris Stapleton
I Do,Cardi B Featuring SZA
Most People Are Good,Luke Bryan
Ring,Cardi B Featuring Kehlani
Lights Down Low,MAX Featuring gnash
I Fall Apart,Post Malone
Him & I,G-Eazy & Halsey
Cry Pretty,Carrie Underwood
King's Dead,"Jay Rock, Kendrick Lamar, Future & James Blake"
Bad At Love,Halsey
Delicate,Taylor Swift
New Freezer,Rich The Kid Featuring Kendrick Lamar
No Excuses,Meghan Trainor
Love Lies,Khalid & Normani
X,Nicky Jam x J Balvin
Marry Me,Thomas Rhett
Tequila,Dan + Shay
Outside Today,YoungBoy Never Broke Again
Singles You Up,Jordan Davis
IDGAF,Dua Lipa
Diamond Teeth Samurai,YoungBoy Never Broke Again
Boo'd Up,Ella Mai
Everyday,Logic & Marshmello
One Kiss,Calvin Harris & Dua Lipa
The Long Way,Brett Eldredge
I Lived It,Blake Shelton
Best Life,Cardi B Featuring Chance The Rapper
Bickenhead,Cardi B
Changes,XXXTENTACION
One Number Away,Luke Combs
El Farsante,Ozuna & Romeo Santos
Dura,Daddy Yankee
Let Me,Zayn
Zombie,Bad Wolves
Thru Your Phone,Cardi B
Wasted Times,The Weeknd
Get Up 10,Cardi B
Get Along,Kenny Chesney
I Like Me Better,Lauv
Sit Next To Me,Foster The People
"Woman, Amen",Dierks Bentley
For The First Time,Darius Rucker
This Is Me,Keala Settle & The Greatest Showman Ensemble
Guatemala,Swae Lee Featuring Slim Jxmmi
Moonlight,XXXTENTACION
Up Down,Morgan Wallen Featuring Florida Georgia Line
Money Bag,Cardi B
Sativa,Jhene Aiko Featuring Swae Lee Or Rae Sremmurd
Anybody,Young Thug Featuring Nicki Minaj
She Bad,Cardi B & YG
Billy,6ix9ine
When We,Tank
Red Roses,Lil Skies Featuring Landon Cube
Top Off,"DJ Khaled Featuring JAY Z, Future & B"
She's With Me,High Valley
Get You,Daniel Caesar Featuring Kali Uchis
Broken Clocks,SZA
Five More Minutes,Scotty McCreery
Gotti,6ix9ine
Hardaway,Derez De'Shon
Nice For What,Drake
God's Plan,Drake
No Tears Left To Cry,Ariana Grande
Meant To Be,Bebe Rexha & Florida Georgia Line
Psycho,Post Malone Featuring Ty Dolla $ign
ATM,J. Cole
The Middle,"Zedd, Maren Morris & Grey"
Kevin's Heart,J. Cole
Look Alive,BlocBoy JB Featuring Drake
KOD,J. Cole
Perfect,Ed Sheeran
Freaky Friday,Lil Dicky Featuring Chris Brown
Never Be The Same,Camila Cabello
Photograph,J. Cole
Motiv8,J. Cole
I Like It,"Cardi B, Bad Bunny & J Balvin"
Mine,Bazzi
Walk It Talk It,Migos Featuring Drake
Call Out My Name,The Weeknd
1985 (Intro To The Fall Off),J. Cole
Plug Walk,Rich The Kid
Havana,Camila Cabello Featuring Young Thug
Be Careful,Cardi B
Friends,Marshmello & Anne-Marie
Finesse,Bruno Mars & Cardi B
Whatever It Takes,Imagine Dragons
Pray For Me,The Weeknd & Kendrick Lamar
The Cut Off,J. Cole Featuring kiLL edward
Heaven,Kane Brown
Brackets,J. Cole
Sad!,XXXTENTACION
Rockstar,Post Malone Featuring 21 Savage
New Rules,Dua Lipa
Wake Me Up!,Avicii
Japan,Famous Dex
In My Blood,Shawn Mendes
Esskeetit,Lil Pump
You Make It Easy,Jason Aldean
Stir Fry,Migos
Powerglide,Rae Sremmurd & Juicy J
Window Pain (Outro),J. Cole
Wait,Maroon 5
Ric Flair Drip,Offset & Metro Boomin
All The Stars,Kendrick Lamar & SZA
Thunder,Imagine Dragons
Friends,J. Cole Featuring kiLL edward
Once An Addict (Interlude),J. Cole
Chun-Li,Nicki Minaj
Let You Down,NF
Feel It Still,Portugal. The Man
Drip,Cardi B Featuring Migos
Delicate,Taylor Swift
Intro,J. Cole
King's Dead,"Jay Rock, Kendrick Lamar, Future & James Blake"
Boo'd Up,Ella Mai
X,Nicky Jam x J Balvin
OTW,"Khalid, Ty Dolla $ign & 6LACK"
No Excuses,Meghan Trainor
Love Lies,Khalid & Normani
Bartier Cardi,Cardi B Featuring 21 Savage
New Freezer,Rich The Kid Featuring Kendrick Lamar
Most People Are Good,Luke Bryan
Tequila,Dan + Shay
One Kiss,Calvin Harris & Dua Lipa
Say Something,Justin Timberlake Featuring Chris Stapleton
Everyday,Logic & Marshmello
Singles You Up,Jordan Davis
One Number Away,Luke Combs
Outside Today,YoungBoy Never Broke Again
I Do,Cardi B Featuring SZA
Ring,Cardi B Featuring Kehlani
Babe,Sugarland Featuring Taylor Swift
IDGAF,Dua Lipa
Te Bote,"Casper Magico, Nio Garcia, Darell, Nicky Jam, Ozuna & Bad Bunny"
Dura,Daddy Yankee
Zombie,Bad Wolves
I Like Me Better,Lauv
Barbie Tingz,Nicki Minaj
Sit Next To Me,Foster The People
I Lived It,Blake Shelton
Dame Tu Cosita,El Chombo Featuring Cutty Ranks
Get Along,Kenny Chesney
Changes,XXXTENTACION
Up Down,Morgan Wallen Featuring Florida Georgia Line
The Long Way,Brett Eldredge
For The First Time,Darius Rucker
El Farsante,Ozuna & Romeo Santos
"Woman, Amen",Dierks Bentley
Diamond Teeth Samurai,YoungBoy Never Broke Again
Sativa,Jhene Aiko Featuring Swae Lee Or Rae Sremmurd
This Is Me,Keala Settle & The Greatest Showman Ensemble
Alone,Halsey Featuring Big Sean & Stefflon Don
Red Roses,Lil Skies Featuring Landon Cube
Moonlight,XXXTENTACION
Everything's Gonna Be Alright,David Lee Murphy & Kenny Chesney
Cry Pretty,Carrie Underwood
When We,Tank
Close,Rae Sremmurd & Travis Scott
Thru Your Phone,Cardi B
Best Life,Cardi B Featuring Chance The Rapper
Nice For What,Drake
Psycho,Post Malone Featuring Ty Dolla $ign
God's Plan,Drake
Meant To Be,Bebe Rexha & Florida Georgia Line
The Middle,"Zedd, Maren Morris & Grey"
Never Be The Same,Camila Cabello
Better Now,Post Malone
Rockstar,Post Malone Featuring 21 Savage
Look Alive,BlocBoy JB Featuring Drake
No Tears Left To Cry,Ariana Grande
Paranoid,Post Malone
Perfect,Ed Sheeran
Freaky Friday,Lil Dicky Featuring Chris Brown
Rich & Sad,Post Malone
Spoil My Night,Post Malone Featuring Swae Lee
Ball For Me,Post Malone Featuring Nicki Minaj
Stay,Post Malone
Walk It Talk It,Migos Featuring Drake
Mine,Bazzi
Same Bitches,Post Malone Featuring G-Eazy & YG
Whatever It Takes,Imagine Dragons
I Like It,"Cardi B, Bad Bunny & J Balvin"
Zack And Codeine,Post Malone
Over Now,Post Malone
Friends,Marshmello & Anne-Marie
Be Careful,Cardi B
Havana,Camila Cabello Featuring Young Thug
Heaven,Kane Brown
Takin' Shots,Post Malone
Pray For Me,The Weeknd & Kendrick Lamar
Plug Walk,Rich The Kid
Call Out My Name,The Weeknd
Finesse,Bruno Mars & Cardi B
Candy Paint,Post Malone
New Rules,Dua Lipa
In My Blood,Shawn Mendes
Boo'd Up,Ella Mai
Wait,Maroon 5
Powerglide,Rae Sremmurd & Juicy J
92 Explorer,Post Malone
You Make It Easy,Jason Aldean
ATM,J. Cole
Dame Tu Cosita,El Chombo Featuring Cutty Ranks
KOD,J. Cole
Ric Flair Drip,Offset & Metro Boomin
Otherside,Post Malone
Blame It On Me,Post Malone
Kevin's Heart,J. Cole
All The Stars,Kendrick Lamar & SZA
Chun-Li,Nicki Minaj
Esskeetit,Lil Pump
X,Nicky Jam x J Balvin
Stir Fry,Migos
Dura,Daddy Yankee
Japan,Famous Dex
Delicate,Taylor Swift
Sugar Wraith,Post Malone
Drip,Cardi B Featuring Migos
No Excuses,Meghan Trainor
Sad!,XXXTENTACION
One Kiss,Calvin Harris & Dua Lipa
Famous,Mason Ramsey
Love Lies,Khalid & Normani
Te Bote,"Casper Magico, Nio Garcia, Darell, Nicky Jam, Ozuna & Bad Bunny"
One Number Away,Luke Combs
King's Dead,"Jay Rock, Kendrick Lamar, Future & James Blake"
Tequila,Dan + Shay
New Freezer,Rich The Kid Featuring Kendrick Lamar
IDGAF,Dua Lipa
Everyday,Logic & Marshmello
Motiv8,J. Cole
Outside Today,YoungBoy Never Broke Again
Jonestown (Interlude),Post Malone
Most People Are Good,Luke Bryan
Bartier Cardi,Cardi B Featuring 21 Savage
Singles You Up,Jordan Davis
Overdose,YoungBoy Never Broke Again
Say Something,Justin Timberlake Featuring Chris Stapleton
1985 (Intro To The Fall Off),J. Cole
Photograph,J. Cole
I Like Me Better,Lauv
OTW,"Khalid, Ty Dolla $ign & 6LACK"
Up Down,Morgan Wallen Featuring Florida Georgia Line
Get Along,Kenny Chesney
Ye vs The People,Kanye West Featuring T.I.
Ring,Cardi B Featuring Kehlani
Sit Next To Me,Foster The People
Zombie,Bad Wolves
I Do,Cardi B Featuring SZA
For The First Time,Darius Rucker
I Lived It,Blake Shelton
"Woman, Amen",Dierks Bentley
Sativa,Jhene Aiko Featuring Swae Lee Or Rae Sremmurd
El Farsante,Ozuna & Romeo Santos
Diamond Teeth Samurai,YoungBoy Never Broke Again
Changes,XXXTENTACION
Everything's Gonna Be Alright,David Lee Murphy & Kenny Chesney
When We,Tank
Alone,Halsey Featuring Big Sean & Stefflon Don
Red Roses,Lil Skies Featuring Landon Cube
This Is America,Childish Gambino
Nice For What,Drake
God's Plan,Drake
Psycho,Post Malone Featuring Ty Dolla $ign
Meant To Be,Bebe Rexha & Florida Georgia Line
The Middle,"Zedd, Maren Morris & Grey"
Look Alive,BlocBoy JB Featuring Drake
Never Be The Same,Camila Cabello
Perfect,Ed Sheeran
No Tears Left To Cry,Ariana Grande
Freaky Friday,Lil Dicky Featuring Chris Brown
Whatever It Takes,Imagine Dragons
Rockstar,Post Malone Featuring 21 Savage
Walk It Talk It,Migos Featuring Drake
Mine,Bazzi
Watch,Travis Scott Featuring Lil Uzi Vert & Kanye West
Boo'd Up,Ella Mai
I Like It,"Cardi B, Bad Bunny & J Balvin"
Chun-Li,Nicki Minaj
Heaven,Kane Brown
Friends,Marshmello & Anne-Marie
Pray For Me,The Weeknd & Kendrick Lamar
Better Now,Post Malone
Havana,Camila Cabello Featuring Young Thug
Be Careful,Cardi B
Plug Walk,Rich The Kid
In My Blood,Shawn Mendes
Powerglide,Rae Sremmurd & Juicy J
Call Out My Name,The Weeknd
Wait,Maroon 5
Finesse,Bruno Mars & Cardi B
New Rules,Dua Lipa
You Make It Easy,Jason Aldean
Sad!,XXXTENTACION
All The Stars,Kendrick Lamar & SZA
Dame Tu Cosita,El Chombo Featuring Cutty Ranks
Ric Flair Drip,Offset & Metro Boomin
Paranoid,Post Malone
Rich & Sad,Post Malone
Ball For Me,Post Malone Featuring Nicki Minaj
Te Bote,"Casper Magico, Nio Garcia, Darell, Nicky Jam, Ozuna & Bad Bunny"
X,Nicky Jam x J Balvin
Dura,Daddy Yankee
One Number Away,Luke Combs
Stay,Post Malone
Delicate,Taylor Swift
Overdose,YoungBoy Never Broke Again
Japan,Famous Dex
One Kiss,Calvin Harris & Dua Lipa
Stir Fry,Migos
Spoil My Night,Post Malone Featuring Swae Lee
KOD,J. Cole
Esskeetit,Lil Pump
Love Lies,Khalid & Normani
Tequila,Dan + Shay
ATM,J. Cole
Kevin's Heart,J. Cole
Beautiful Crazy,Luke Combs
No Excuses,Meghan Trainor
King's Dead,"Jay Rock, Kendrick Lamar, Future & James Blake"
IDGAF,Dua Lipa
Drip,Cardi B Featuring Migos
Zack And Codeine,Post Malone
Over Now,Post Malone
Youth,Shawn Mendes Featuring Khalid
Same Bitches,Post Malone Featuring G-Eazy & YG
Takin' Shots,Post Malone
New Freezer,Rich The Kid Featuring Kendrick Lamar
92 Explorer,Post Malone
Get Along,Kenny Chesney
Up Down,Morgan Wallen Featuring Florida Georgia Line
I Like Me Better,Lauv
Most People Are Good,Luke Bryan
Done For Me,Charlie Puth Featuring Kehlani
Everyday,Logic & Marshmello
For The First Time,Darius Rucker
Singles You Up,Jordan Davis
Outside Today,YoungBoy Never Broke Again
Zombie,Bad Wolves
Gucci Flip Flops,Bhad Bhabie Featuring Lil Yachty
Bartier Cardi,Cardi B Featuring 21 Savage
OTW,"Khalid, Ty Dolla $ign & 6LACK"
Sit Next To Me,Foster The People
Barbie Tingz,Nicki Minaj
I Lived It,Blake Shelton
"Woman, Amen",Dierks Bentley
Everything's Gonna Be Alright,David Lee Murphy & Kenny Chesney
Say Something,Justin Timberlake Featuring Chris Stapleton
Otherside,Post Malone
Alone,Halsey Featuring Big Sean & Stefflon Don
Sativa,Jhene Aiko Featuring Swae Lee Or Rae Sremmurd
El Farsante,Ozuna & Romeo Santos
Blame It On Me,Post Malone
Diamond Teeth Samurai,YoungBoy Never Broke Again
Famous,Mason Ramsey
I Do,Cardi B Featuring SZA
Mercy,Brett Young
Preach,YoungBoy Never Broke Again
Red Roses,Lil Skies Featuring Landon Cube
When We,Tank
This Is America,Childish Gambino
Nice For What,Drake
God's Plan,Drake
Psycho,Post Malone Featuring Ty Dolla $ign
Meant To Be,Bebe Rexha & Florida Georgia Line
The Middle,"Zedd, Maren Morris & Grey"
No Tears Left To Cry,Ariana Grande
Look Alive,BlocBoy JB Featuring Drake
Never Be The Same,Camila Cabello
Perfect,Ed Sheeran
Boo'd Up,Ella Mai
Walk It Talk It,Migos Featuring Drake
Freaky Friday,Lil Dicky Featuring Chris Brown
Whatever It Takes,Imagine Dragons
Heaven,Kane Brown
Friends,Marshmello & Anne-Marie
Mine,Bazzi
Pray For Me,The Weeknd & Kendrick Lamar
Rockstar,Post Malone Featuring 21 Savage
In My Blood,Shawn Mendes
I Like It,"Cardi B, Bad Bunny & J Balvin"
Plug Walk,Rich The Kid
Be Careful,Cardi B
Havana,Camila Cabello Featuring Young Thug
Wait,Maroon 5
Better Now,Post Malone
Sad!,XXXTENTACION
New Rules,Dua Lipa
Chun-Li,Nicki Minaj
Finesse,Bruno Mars & Cardi B
Powerglide,Rae Sremmurd & Juicy J
Call Out My Name,The Weeknd
All The Stars,Kendrick Lamar & SZA
You Make It Easy,Jason Aldean
One Number Away,Luke Combs
Delicate,Taylor Swift
Ric Flair Drip,Offset & Metro Boomin
Te Bote,"Casper Magico, Nio Garcia, Darell, Nicky Jam, Ozuna & Bad Bunny"
One Kiss,Calvin Harris & Dua Lipa
Japan,Famous Dex
X,Nicky Jam x J Balvin
Watch,Travis Scott Featuring Lil Uzi Vert & Kanye West
Dura,Daddy Yankee
Stir Fry,Migos
KOD,J. Cole
Shoota,Playboi Carti Featuring Lil Uzi Vert
Love Lies,Khalid & Normani
Tequila,Dan + Shay
Yes Indeed,Lil Baby & Drake
Back To You,Selena Gomez
Ball For Me,Post Malone Featuring Nicki Minaj
Overdose,YoungBoy Never Broke Again
Done For Me,Charlie Puth Featuring Kehlani
Paranoid,Post Malone
Rich & Sad,Post Malone
King's Dead,"Jay Rock, Kendrick Lamar, Future & James Blake"
Dame Tu Cosita,El Chombo Featuring Cutty Ranks
Esskeetit,Lil Pump
IDGAF,Dua Lipa
Spoil My Night,Post Malone Featuring Swae Lee
I Like Me Better,Lauv
Up Down,Morgan Wallen Featuring Florida Georgia Line
ATM,J. Cole
Get Along,Kenny Chesney
Stay,Post Malone
OTW,"Khalid, Ty Dolla $ign & 6LACK"
No Excuses,Meghan Trainor
Kevin's Heart,J. Cole
Drip,Cardi B Featuring Migos
I Lived It,Blake Shelton
For The First Time,Darius Rucker
Sit Next To Me,Foster The People
New Freezer,Rich The Kid Featuring Kendrick Lamar
Lucid Dreams,Juice WRLD
Most People Are Good,Luke Bryan
Zombie,Bad Wolves
Me Niego,Reik Featuring Ozuna & Wisin
"Woman, Amen",Dierks Bentley
Gucci Flip Flops,Bhad Bhabie Featuring Lil Yachty
Outside Today,YoungBoy Never Broke Again
Everyday,Logic & Marshmello
Everything's Gonna Be Alright,David Lee Murphy & Kenny Chesney
Singles You Up,Jordan Davis
Alone,Halsey Featuring Big Sean & Stefflon Don
Sativa,Jhene Aiko Featuring Swae Lee Or Rae Sremmurd
Mercy,Brett Young
Red Roses,Lil Skies Featuring Landon Cube
Moonlight,XXXTENTACION
Over Now,Post Malone
Zack And Codeine,Post Malone
Lust,Lil Skies
All Girls Are The Same,Juice WRLD
Same Bitches,Post Malone Featuring G-Eazy & YG
When We,Tank
Cry Pretty,Carrie Underwood
El Farsante,Ozuna & Romeo Santos
Takin' Shots,Post Malone
92 Explorer,Post Malone
Beautiful Crazy,Luke Combs
Say Something,Justin Timberlake Featuring Chris Stapleton
Nice For What,Drake
This Is America,Childish Gambino
God's Plan,Drake
Psycho,Post Malone Featuring Ty Dolla $ign
The Middle,"Zedd, Maren Morris & Grey"
Yes Indeed,Lil Baby & Drake
Meant To Be,Bebe Rexha & Florida Georgia Line
Boo'd Up,Ella Mai
No Tears Left To Cry,Ariana Grande
Fake Love,BTS
Friends,Marshmello & Anne-Marie
Look Alive,BlocBoy JB Featuring Drake
Never Be The Same,Camila Cabello
Walk It Talk It,Migos Featuring Drake
Perfect,Ed Sheeran
Be Careful,Cardi B
Whatever It Takes,Imagine Dragons
Mine,Bazzi
I Like It,"Cardi B, Bad Bunny & J Balvin"
In My Blood,Shawn Mendes
Heaven,Kane Brown
Freaky Friday,Lil Dicky Featuring Chris Brown
Rockstar,Post Malone Featuring 21 Savage
Havana,Camila Cabello Featuring Young Thug
Pray For Me,The Weeknd & Kendrick Lamar
Plug Walk,Rich The Kid
Wait,Maroon 5
Chun-Li,Nicki Minaj
Better Now,Post Malone
Call Out My Name,The Weeknd
New Rules,Dua Lipa
Sad!,XXXTENTACION
All The Stars,Kendrick Lamar & SZA
Delicate,Taylor Swift
Lucid Dreams,Juice WRLD
Love Lies,Khalid & Normani
Finesse,Bruno Mars & Cardi B
One Number Away,Luke Combs
You Make It Easy,Jason Aldean
Te Bote,"Casper Magico, Nio Garcia, Darell, Nicky Jam, Ozuna & Bad Bunny"
Powerglide,Rae Sremmurd & Juicy J
Overdose,YoungBoy Never Broke Again
One Kiss,Calvin Harris & Dua Lipa
Tequila,Dan + Shay
Ric Flair Drip,Offset & Metro Boomin
Back To You,Selena Gomez
Dura,Daddy Yankee
X,Nicky Jam x J Balvin
KOD,J. Cole
Ball For Me,Post Malone Featuring Nicki Minaj
IDGAF,Dua Lipa
Japan,Famous Dex
All Girls Are The Same,Juice WRLD
Done For Me,Charlie Puth Featuring Kehlani
I Like Me Better,Lauv
Esskeetit,Lil Pump
Up Down,Morgan Wallen Featuring Florida Georgia Line
For The First Time,Darius Rucker
Get Along,Kenny Chesney
Watch,Travis Scott Featuring Lil Uzi Vert & Kanye West
King's Dead,"Jay Rock, Kendrick Lamar, Future & James Blake"
Dame Tu Cosita,El Chombo Featuring Cutty Ranks
Sit Next To Me,Foster The People
I Lived It,Blake Shelton
Rich & Sad,Post Malone
Paranoid,Post Malone
Shoota,Playboi Carti Featuring Lil Uzi Vert
Change Lanes,Kevin Gates
OTW,"Khalid, Ty Dolla $ign & 6LACK"
Alone,Halsey Featuring Big Sean & Stefflon Don
Mercy,Brett Young
Drip,Cardi B Featuring Migos
Like That,Kris Wu
"Woman, Amen",Dierks Bentley
New Freezer,Rich The Kid Featuring Kendrick Lamar
Everything's Gonna Be Alright,David Lee Murphy & Kenny Chesney
Spoil My Night,Post Malone Featuring Swae Lee
Singles You Up,Jordan Davis
Southside,Lil Baby
Life Goes On,Lil Baby Featuring Gunna & Lil Uzi Vert
Most People Are Good,Luke Bryan
Let It Sing,Kevin Gates
Sangria Wine,Pharrell Williams x Camila Cabello
Welcome To The Party,"Diplo, French Montana & Lil Pump Featuring Zhavia Ward"
Zombie,Bad Wolves
Champion,NAV Featuring Travis Scott
Red Roses,Lil Skies Featuring Landon Cube
Stay,Post Malone
ATM,J. Cole
Sativa,Jhene Aiko Featuring Swae Lee Or Rae Sremmurd
Everyday,Logic & Marshmello
Kevin's Heart,J. Cole
No Excuses,Meghan Trainor
Moonlight,XXXTENTACION
Lust,Lil Skies
Gucci Flip Flops,Bhad Bhabie Featuring Lil Yachty
Outside Today,YoungBoy Never Broke Again
Downtown's Dead,Sam Hunt
Don't Go Breaking My Heart,Backstreet Boys
El Farsante,Ozuna & Romeo Santos
Nice For What,Drake
Psycho,Post Malone Featuring Ty Dolla $ign
God's Plan,Drake
This Is America,Childish Gambino
The Middle,"Zedd, Maren Morris & Grey"
Yes Indeed,Lil Baby & Drake
I Like It,"Cardi B, Bad Bunny & J Balvin"
Boo'd Up,Ella Mai
Meant To Be,Bebe Rexha & Florida Georgia Line
No Tears Left To Cry,Ariana Grande
In My Blood,Shawn Mendes
Look Alive,BlocBoy JB Featuring Drake
Friends,Marshmello & Anne-Marie
Walk It Talk It,Migos Featuring Drake
Lucid Dreams,Juice WRLD
Never Be The Same,Camila Cabello
Perfect,Ed Sheeran
Whatever It Takes,Imagine Dragons
I'm Upset,Drake
Mine,Bazzi
Be Careful,Cardi B
Heaven,Kane Brown
Rockstar,Post Malone Featuring 21 Savage
Wait,Maroon 5
Havana,Camila Cabello Featuring Young Thug
Freaky Friday,Lil Dicky Featuring Chris Brown
Plug Walk,Rich The Kid
Delicate,Taylor Swift
Pray For Me,The Weeknd & Kendrick Lamar
Better Now,Post Malone
New Rules,Dua Lipa
One Kiss,Calvin Harris & Dua Lipa
Chun-Li,Nicki Minaj
One Number Away,Luke Combs
Love Lies,Khalid & Normani
Te Bote,"Casper Magico, Nio Garcia, Darell, Nicky Jam, Ozuna & Bad Bunny"
Tequila,Dan + Shay
Back To You,Selena Gomez
Finesse,Bruno Mars & Cardi B
Call Out My Name,The Weeknd
All The Stars,Kendrick Lamar & SZA
You Make It Easy,Jason Aldean
Sad!,XXXTENTACION
Ric Flair Drip,Offset & Metro Boomin
Praise The Lord (Da Shine),A$AP Rocky Featuring Skepta
TATI,6ix9ine Featuring DJ SPINKING
All Girls Are The Same,Juice WRLD
X,Nicky Jam x J Balvin
IDGAF,Dua Lipa
Powerglide,Rae Sremmurd & Juicy J
Fake Love,BTS
Overdose,YoungBoy Never Broke Again
Dura,Daddy Yankee
Up Down,Morgan Wallen Featuring Florida Georgia Line
Done For Me,Charlie Puth Featuring Kehlani
I Like Me Better,Lauv
Get Along,Kenny Chesney
Japan,Famous Dex
KOD,J. Cole
Esskeetit,Lil Pump
Dame Tu Cosita,El Chombo Featuring Cutty Ranks
Ball For Me,Post Malone Featuring Nicki Minaj
A$AP Forever,A$AP Rocky Featuring Moby
Sit Next To Me,Foster The People
Infrared,Pusha T
Big Bank,"YG Featuring 2 Chainz, Big Sean & Nicki Minaj"
"Woman, Amen",Dierks Bentley
King's Dead,"Jay Rock, Kendrick Lamar, Future & James Blake"
Everything's Gonna Be Alright,David Lee Murphy & Kenny Chesney
Alone,Halsey Featuring Big Sean & Stefflon Don
I Lived It,Blake Shelton
Mercy,Brett Young
If You Know You Know,Pusha T
Life Goes On,Lil Baby Featuring Gunna & Lil Uzi Vert
What Would Meek Do?,Pusha T Featuring Kanye West
Youth,Shawn Mendes Featuring Khalid
OTW,"Khalid, Ty Dolla $ign & 6LACK"
Drip,Cardi B Featuring Migos
Rich & Sad,Post Malone
Dinero,Jennifer Lopez Featuring DJ Khaled & Cardi B
For The First Time,Darius Rucker
Taste,Tyga Featuring Offset
Paranoid,Post Malone
Watch,Travis Scott Featuring Lil Uzi Vert & Kanye West
Sativa,Jhene Aiko Featuring Swae Lee Or Rae Sremmurd
Zombie,Bad Wolves
Lust,Lil Skies
Shoota,Playboi Carti Featuring Lil Uzi Vert
Lovely,Billie Eilish & Khalid
New Freezer,Rich The Kid Featuring Kendrick Lamar
Singles You Up,Jordan Davis
Most People Are Good,Luke Bryan
I Was Jack (You Were Diane),Jake Owen
Girls Like You,Maroon 5 Featuring Cardi B
Everyday,Logic & Marshmello
El Farsante,Ozuna & Romeo Santos
Spoil My Night,Post Malone Featuring Swae Lee
High Hopes,Panic! At The Disco
Moonlight,XXXTENTACION
The Games We Play,Pusha T
Psycho,Post Malone Featuring Ty Dolla $ign
Nice For What,Drake
I Like It,"Cardi B, Bad Bunny & J Balvin"
Girls Like You,Maroon 5 Featuring Cardi B
God's Plan,Drake
Boo'd Up,Ella Mai
This Is America,Childish Gambino
Yikes,Kanye West
Lucid Dreams,Juice WRLD
The Middle,"Zedd, Maren Morris & Grey"
All Mine,Kanye West
Meant To Be,Bebe Rexha & Florida Georgia Line
No Tears Left To Cry,Ariana Grande
Friends,Marshmello & Anne-Marie
Yes Indeed,Lil Baby & Drake
Ghost Town,Kanye West Featuring PARTYNEXTDOOR
Walk It Talk It,Migos Featuring Drake
Never Be The Same,Camila Cabello
Look Alive,BlocBoy JB Featuring Drake
In My Blood,Shawn Mendes
Perfect,Ed Sheeran
Whatever It Takes,Imagine Dragons
Mine,Bazzi
Wouldn't Leave,Kanye West Featuring PARTYNEXTDOOR
Be Careful,Cardi B
Wait,Maroon 5
Violent Crimes,Kanye West
I Thought About Killing You,Kanye West
Rockstar,Post Malone Featuring 21 Savage
Heaven,Kane Brown
Back To You,Selena Gomez
I'm Upset,Drake
Havana,Camila Cabello Featuring Young Thug
Better Now,Post Malone
Plug Walk,Rich The Kid
No Mistakes,Kanye West
Delicate,Taylor Swift
One Kiss,Calvin Harris & Dua Lipa
Freaky Friday,Lil Dicky Featuring Chris Brown
New Rules,Dua Lipa
Tequila,Dan + Shay
Love Lies,Khalid & Normani
Te Bote,"Casper Magico, Nio Garcia, Darell, Nicky Jam, Ozuna & Bad Bunny"
Pray For Me,The Weeknd & Kendrick Lamar
One Number Away,Luke Combs
Chun-Li,Nicki Minaj
TATI,6ix9ine Featuring DJ SPINKING
Fake Love,BTS
All Girls Are The Same,Juice WRLD
Finesse,Bruno Mars & Cardi B
Sad!,XXXTENTACION
Call Out My Name,The Weeknd
I Like Me Better,Lauv
IDGAF,Dua Lipa
Simple,Florida Georgia Line
Get Along,Kenny Chesney
X,Nicky Jam x J Balvin
Up Down,Morgan Wallen Featuring Florida Georgia Line
Taste,Tyga Featuring Offset
KOD,J. Cole
Done For Me,Charlie Puth Featuring Kehlani
You Make It Easy,Jason Aldean
Ball For Me,Post Malone Featuring Nicki Minaj
Sit Next To Me,Foster The People
Dura,Daddy Yankee
Esskeetit,Lil Pump
Powerglide,Rae Sremmurd & Juicy J
Japan,Famous Dex
"Woman, Amen",Dierks Bentley
Praise The Lord (Da Shine),A$AP Rocky Featuring Skepta
Everything's Gonna Be Alright,David Lee Murphy & Kenny Chesney
Overdose,YoungBoy Never Broke Again
Alone,Halsey Featuring Big Sean & Stefflon Don
Mercy,Brett Young
Dame Tu Cosita,El Chombo Featuring Cutty Ranks
I Lived It,Blake Shelton
Beautiful Crazy,Luke Combs
Welcome To The Party,"Diplo, French Montana & Lil Pump Featuring Zhavia Ward"
Lovely,Billie Eilish & Khalid
OTW,"Khalid, Ty Dolla $ign & 6LACK"
Must've Never Met You,Luke Combs
Zombie,Bad Wolves
Sativa,Jhene Aiko Featuring Swae Lee Or Rae Sremmurd
Drip,Cardi B Featuring Migos
Humility,Gorillaz Featuring George Benson
I Was Jack (You Were Diane),Jake Owen
Watch,Travis Scott Featuring Lil Uzi Vert & Kanye West
Rich & Sad,Post Malone
Africa,Weezer
Shoota,Playboi Carti Featuring Lil Uzi Vert
Big Bank,"YG Featuring 2 Chainz, Big Sean & Nicki Minaj"
Life Goes On,Lil Baby Featuring Gunna & Lil Uzi Vert
Lust,Lil Skies
Paranoid,Post Malone
Singles You Up,Jordan Davis
Youngblood,5 Seconds Of Summer
El Farsante,Ozuna & Romeo Santos
New Freezer,Rich The Kid Featuring Kendrick Lamar
Sin Pijama,Becky G + Natti Natasha
Take Back Home Girl,Chris Lane Featuring Tori Kelly
Nice For What,Drake
Psycho,Post Malone Featuring Ty Dolla $ign
I Like It,"Cardi B, Bad Bunny & J Balvin"
God's Plan,Drake
Girls Like You,Maroon 5 Featuring Cardi B
Lucid Dreams,Juice WRLD
Boo'd Up,Ella Mai
The Middle,"Zedd, Maren Morris & Grey"
No Tears Left To Cry,Ariana Grande
Meant To Be,Bebe Rexha & Florida Georgia Line
Yes Indeed,Lil Baby & Drake
This Is America,Childish Gambino
Friends,Marshmello & Anne-Marie
Walk It Talk It,Migos Featuring Drake
Mine,Bazzi
In My Blood,Shawn Mendes
Perfect,Ed Sheeran
Look Alive,BlocBoy JB Featuring Drake
Never Be The Same,Camila Cabello
Better Now,Post Malone
Whatever It Takes,Imagine Dragons
Back To You,Selena Gomez
Be Careful,Cardi B
Rockstar,Post Malone Featuring 21 Savage
Delicate,Taylor Swift
Heaven,Kane Brown
Havana,Camila Cabello Featuring Young Thug
I'm Upset,Drake
Wait,Maroon 5
One Kiss,Calvin Harris & Dua Lipa
All Mine,Kanye West
Tequila,Dan + Shay
Plug Walk,Rich The Kid
Love Lies,Khalid & Normani
New Rules,Dua Lipa
Te Bote,"Casper Magico, Nio Garcia, Darell, Nicky Jam, Ozuna & Bad Bunny"
Freaky Friday,Lil Dicky Featuring Chris Brown
Taste,Tyga Featuring Offset
Reborn,KIDS SEE GHOSTS
Yikes,Kanye West
All Girls Are The Same,Juice WRLD
4th Dimension,KIDS SEE GHOSTS Featuring Louis Prima
Chun-Li,Nicki Minaj
Pray For Me,The Weeknd & Kendrick Lamar
One Number Away,Luke Combs
I Like Me Better,Lauv
Feel The Love,KIDS SEE GHOSTS
Get Along,Kenny Chesney
Up Down,Morgan Wallen Featuring Florida Georgia Line
TATI,6ix9ine Featuring DJ SPINKING
IDGAF,Dua Lipa
Sad!,XXXTENTACION
"Woman, Amen",Dierks Bentley
Call Out My Name,The Weeknd
Done For Me,Charlie Puth Featuring Kehlani
Sit Next To Me,Foster The People
Simple,Florida Georgia Line
X,Nicky Jam x J Balvin
Ball For Me,Post Malone Featuring Nicki Minaj
Ghost Town,Kanye West Featuring PARTYNEXTDOOR
You Make It Easy,Jason Aldean
"Freeee (Ghost Town, Pt. 2)",KIDS SEE GHOSTS
Mercy,Brett Young
Dura,Daddy Yankee
KOD,J. Cole
Everything's Gonna Be Alright,David Lee Murphy & Kenny Chesney
Fire,KIDS SEE GHOSTS
Esskeetit,Lil Pump
Cudi Montage,KIDS SEE GHOSTS
Praise The Lord (Da Shine),A$AP Rocky Featuring Skepta
Fake Love,BTS
Japan,Famous Dex
KIDS SEE GHOSTS,KIDS SEE GHOSTS
Alone,Halsey Featuring Big Sean & Stefflon Don
Powerglide,Rae Sremmurd & Juicy J
I Lived It,Blake Shelton
Overdose,YoungBoy Never Broke Again
Lovely,Billie Eilish & Khalid
Youngblood,5 Seconds Of Summer
Dame Tu Cosita,El Chombo Featuring Cutty Ranks
OTW,"Khalid, Ty Dolla $ign & 6LACK"
Zombie,Bad Wolves
Me Niego,Reik Featuring Ozuna & Wisin
Lose It,Kane Brown
Violent Crimes,Kanye West
I Was Jack (You Were Diane),Jake Owen
Sativa,Jhene Aiko Featuring Swae Lee Or Rae Sremmurd
Rich Sex,Nicki Minaj Featuring Lil Wayne
Life Goes On,Lil Baby Featuring Gunna & Lil Uzi Vert
I Know You,Lil Skies Featuring Yung Pinch
El Farsante,Ozuna & Romeo Santos
Wouldn't Leave,Kanye West Featuring PARTYNEXTDOOR
Beautiful Crazy,Luke Combs
Sin Pijama,Becky G + Natti Natasha
Babe,Sugarland Featuring Taylor Swift
Drip,Cardi B Featuring Migos
Big Bank,"YG Featuring 2 Chainz, Big Sean & Nicki Minaj"
Singles You Up,Jordan Davis
Take Back Home Girl,Chris Lane Featuring Tori Kelly
Welcome To The Party,"Diplo, French Montana & Lil Pump Featuring Zhavia Ward"
Sad!,XXXTENTACION
I Like It,"Cardi B, Bad Bunny & J Balvin"
Nice For What,Drake
Lucid Dreams,Juice WRLD
Girls Like You,Maroon 5 Featuring Cardi B
Psycho,Post Malone Featuring Ty Dolla $ign
Boo'd Up,Ella Mai
God's Plan,Drake
No Tears Left To Cry,Ariana Grande
The Middle,"Zedd, Maren Morris & Grey"
Meant To Be,Bebe Rexha & Florida Georgia Line
Yes Indeed,Lil Baby & Drake
Apes**t,The Carters
Friends,Marshmello & Anne-Marie
I'm Upset,Drake
Moonlight,XXXTENTACION
This Is America,Childish Gambino
Changes,XXXTENTACION
Jocelyn Flores,XXXTENTACION
Mine,Bazzi
Perfect,Ed Sheeran
In My Blood,Shawn Mendes
Better Now,Post Malone
Walk It Talk It,Migos Featuring Drake
Look Alive,BlocBoy JB Featuring Drake
Never Be The Same,Camila Cabello
Delicate,Taylor Swift
F**k Love,XXXTENTACION Featuring Trippie Redd
Be Careful,Cardi B
Whatever It Takes,Imagine Dragons
Rockstar,Post Malone Featuring 21 Savage
Plug Walk,Rich The Kid
Back To You,Selena Gomez
Tequila,Dan + Shay
Heaven,Kane Brown
Love Lies,Khalid & Normani
One Kiss,Calvin Harris & Dua Lipa
Taste,Tyga Featuring Offset
Havana,Camila Cabello Featuring Young Thug
Te Bote,"Casper Magico, Nio Garcia, Darell, Nicky Jam, Ozuna & Bad Bunny"
New Rules,Dua Lipa
Everybody Dies In Their Nightmares,XXXTENTACION
Bed,Nicki Minaj Featuring Ariana Grande
Wait,Maroon 5
All Girls Are The Same,Juice WRLD
Freaky Friday,Lil Dicky Featuring Chris Brown
I Like Me Better,Lauv
All Mine,Kanye West
Youngblood,5 Seconds Of Summer
Get Along,Kenny Chesney
Up Down,Morgan Wallen Featuring Florida Georgia Line
Chun-Li,Nicki Minaj
Bigger > You,"2 Chainz, Drake & Quavo"
Simple,Florida Georgia Line
DDU-DU DDU-DU,BLACKPINK
IDGAF,Dua Lipa
One Number Away,Luke Combs
The Remedy For A Broke Heart (Why Am I So In Love),XXXTENTACION
Sit Next To Me,Foster The People
Mercy,Brett Young
Pray For Me,The Weeknd & Kendrick Lamar
Ball For Me,Post Malone Featuring Nicki Minaj
I Lived It,Blake Shelton
Japan,Famous Dex
Fake Love,BTS
Done For Me,Charlie Puth Featuring Kehlani
Yikes,Kanye West
TATI,6ix9ine Featuring DJ SPINKING
X,Nicky Jam x J Balvin
Dura,Daddy Yankee
KOD,J. Cole
Everything's Gonna Be Alright,David Lee Murphy & Kenny Chesney
Call Out My Name,The Weeknd
Born To Be Yours,Kygo & Imagine Dragons
Alone,Halsey Featuring Big Sean & Stefflon Don
Esskeetit,Lil Pump
Boss,The Carters
Ocean,Martin Garrix Featuring Khalid
Praise The Lord (Da Shine),A$AP Rocky Featuring Skepta
Hope,XXXTENTACION
Lovely,Billie Eilish & Khalid
Numb,XXXTENTACION
Powerglide,Rae Sremmurd & Juicy J
Summer,The Carters
Drowns The Whiskey,Jason Aldean Featuring Miranda Lambert
Life Goes On,Lil Baby Featuring Gunna & Lil Uzi Vert
Welcome To The Party,"Diplo, French Montana & Lil Pump Featuring Zhavia Ward"
"Woman, Amen",Dierks Bentley
Dame Tu Cosita,El Chombo Featuring Cutty Ranks
Overdose,YoungBoy Never Broke Again
Reborn,KIDS SEE GHOSTS
I Know You,Lil Skies Featuring Yung Pinch
Zombie,Bad Wolves
I Was Jack (You Were Diane),Jake Owen
Nice,The Carters
Cop Shot The Kid,Nas Featuring Kanye West
OTW,"Khalid, Ty Dolla $ign & 6LACK"
Sativa,Jhene Aiko Featuring Swae Lee Or Rae Sremmurd
Friends,The Carters
Medicine,Queen Naija
I Like It,"Cardi B, Bad Bunny & J Balvin"
Sad!,XXXTENTACION
Lucid Dreams,Juice WRLD
Girls Like You,Maroon 5 Featuring Cardi B
Psycho,Post Malone Featuring Ty Dolla $ign
Nice For What,Drake
Boo'd Up,Ella Mai
No Tears Left To Cry,Ariana Grande
God's Plan,Drake
Meant To Be,Bebe Rexha & Florida Georgia Line
Yes Indeed,Lil Baby & Drake
The Middle,"Zedd, Maren Morris & Grey"
Moonlight,XXXTENTACION
Better Now,Post Malone
Plug Walk,Rich The Kid
Mine,Bazzi
Perfect,Ed Sheeran
Changes,XXXTENTACION
Apes**t,The Carters
Delicate,Taylor Swift
Tequila,Dan + Shay
Friends,Marshmello & Anne-Marie
In My Blood,Shawn Mendes
This Is America,Childish Gambino
Jocelyn Flores,XXXTENTACION
I'm Upset,Drake
Look Alive,BlocBoy JB Featuring Drake
Never Be The Same,Camila Cabello
Walk It Talk It,Migos Featuring Drake
Taste,Tyga Featuring Offset
Whatever It Takes,Imagine Dragons
Be Careful,Cardi B
Rockstar,Post Malone Featuring 21 Savage
F**k Love,XXXTENTACION Featuring Trippie Redd
Back To You,Selena Gomez
One Kiss,Calvin Harris & Dua Lipa
Love Lies,Khalid & Normani
Heaven,Kane Brown
Havana,Camila Cabello Featuring Young Thug
New Rules,Dua Lipa
I Like Me Better,Lauv
All Girls Are The Same,Juice WRLD
Te Bote,"Casper Magico, Nio Garcia, Darell, Nicky Jam, Ozuna & Bad Bunny"
Get Along,Kenny Chesney
Simple,Florida Georgia Line
Everybody Dies In Their Nightmares,XXXTENTACION
Freaky Friday,Lil Dicky Featuring Chris Brown
Mercy,Brett Young
One Number Away,Luke Combs
Wait,Maroon 5
Sit Next To Me,Foster The People
Youngblood,5 Seconds Of Summer
Up Down,Morgan Wallen Featuring Florida Georgia Line
All Mine,Kanye West
The Remedy For A Broke Heart (Why Am I So In Love),XXXTENTACION
Big Bank,"YG Featuring 2 Chainz, Big Sean & Nicki Minaj"
Dura,Daddy Yankee
Sober,Demi Lovato
Ball For Me,Post Malone Featuring Nicki Minaj
Bigger > You,"2 Chainz, Drake & Quavo"
Say Amen (Saturday Night),Panic! At The Disco
Chun-Li,Nicki Minaj
Japan,Famous Dex
X,Nicky Jam x J Balvin
Legends,Juice WRLD
Everything's Gonna Be Alright,David Lee Murphy & Kenny Chesney
Bed,Nicki Minaj Featuring Ariana Grande
KOD,J. Cole
Alone,Halsey Featuring Big Sean & Stefflon Don
Hope,XXXTENTACION
Esskeetit,Lil Pump
TATI,6ix9ine Featuring DJ SPINKING
Drowns The Whiskey,Jason Aldean Featuring Miranda Lambert
Done For Me,Charlie Puth Featuring Kehlani
I Was Jack (You Were Diane),Jake Owen
Fake Love,BTS
Yikes,Kanye West
Call Out My Name,The Weeknd
I Know You,Lil Skies Featuring Yung Pinch
Numb,XXXTENTACION
Medicine,Queen Naija
Praise The Lord (Da Shine),A$AP Rocky Featuring Skepta
Sin Pijama,Becky G + Natti Natasha
High Hopes,Panic! At The Disco
I Lived It,Blake Shelton
Powerglide,Rae Sremmurd & Juicy J
Lovely,Billie Eilish & Khalid
Coming Home,Keith Urban Featuring Julia Michaels
Life Goes On,Lil Baby Featuring Gunna & Lil Uzi Vert
Zombie,Bad Wolves
Overdose,YoungBoy Never Broke Again
Life Changes,Thomas Rhett
"Woman, Amen",Dierks Bentley
Born To Be Yours,Kygo & Imagine Dragons
The Light Is Coming,Ariana Grande Featuring Nicki Minaj
OTW,"Khalid, Ty Dolla $ign & 6LACK"
Solo,Clean Bandit Featuring Demi Lovato
Take Back Home Girl,Chris Lane Featuring Tori Kelly
Boss,The Carters
Sativa,Jhene Aiko Featuring Swae Lee Or Rae Sremmurd
Nice For What,Drake
Nonstop,Drake
I Like It,"Cardi B, Bad Bunny & J Balvin"
God's Plan,Drake
Girls Like You,Maroon 5 Featuring Cardi B
In My Feelings,Drake
I'm Upset,Drake
Emotionless,Drake
Don't Matter To Me,Drake Featuring Michael Jackson
Sad!,XXXTENTACION
Boo'd Up,Ella Mai
Psycho,Post Malone Featuring Ty Dolla $ign
Mob Ties,Drake
Elevate,Drake
No Tears Left To Cry,Ariana Grande
Lucid Dreams,Juice WRLD
Survival,Drake
Can't Take A Joke,Drake
The Middle,"Zedd, Maren Morris & Grey"
Talk Up,Drake Featuring JAY-Z
8 Out Of 10,Drake
Meant To Be,Bebe Rexha & Florida Georgia Line
Delicate,Taylor Swift
Better Now,Post Malone
Mine,Bazzi
Yes Indeed,Lil Baby & Drake
Sandra's Rose,Drake
Summer Games,Drake
Perfect,Ed Sheeran
Blue Tint,Drake
In My Blood,Shawn Mendes
Jaded,Drake
Friends,Marshmello & Anne-Marie
Tequila,Dan + Shay
Never Be The Same,Camila Cabello
Is There More,Drake
That's How You Feel,Drake
Peak,Drake
Taste,Tyga Featuring Offset
Whatever It Takes,Imagine Dragons
After Dark,Drake Featuring Static Major & Ty Dolla $ign
Finesse,Drake
Apes**t,The Carters
Look Alive,BlocBoy JB Featuring Drake
One Kiss,Calvin Harris & Dua Lipa
Love Lies,Khalid & Normani
Moonlight,XXXTENTACION
Be Careful,Cardi B
Back To You,Selena Gomez
This Is America,Childish Gambino
Ratchet Happy Birthday,Drake
I Like Me Better,Lauv
Get Along,Kenny Chesney
Simple,Florida Georgia Line
Changes,XXXTENTACION
Final Fantasy,Drake
March 14,Drake
X,Nicky Jam x J Balvin
Sit Next To Me,Foster The People
All Girls Are The Same,Juice WRLD
Te Bote,"Casper Magico, Nio Garcia, Darell, Nicky Jam, Ozuna & Bad Bunny"
Up Down,Morgan Wallen Featuring Florida Georgia Line
Karma,Queen Naija
Mercy,Brett Young
One Number Away,Luke Combs
Youngblood,5 Seconds Of Summer
Big Bank,"YG Featuring 2 Chainz, Big Sean & Nicki Minaj"
Jocelyn Flores,XXXTENTACION
I Was Jack (You Were Diane),Jake Owen
Drowns The Whiskey,Jason Aldean Featuring Miranda Lambert
Alone,Halsey Featuring Big Sean & Stefflon Don
Freaky Friday,Lil Dicky Featuring Chris Brown
Everything's Gonna Be Alright,David Lee Murphy & Kenny Chesney
Ball For Me,Post Malone Featuring Nicki Minaj
Life Changes,Thomas Rhett
Kiss Somebody,Morgan Evans
KOD,J. Cole
Done For Me,Charlie Puth Featuring Kehlani
Take Back Home Girl,Chris Lane Featuring Tori Kelly
Coming Home,Keith Urban Featuring Julia Michaels
Bed,Nicki Minaj Featuring Ariana Grande
Chun-Li,Nicki Minaj
All Mine,Kanye West
Don't Go Breaking My Heart,Backstreet Boys
Medicine,Queen Naija
"Sunrise, Sunburn, Sunset",Luke Bryan
Cry Pretty,Carrie Underwood
Esskeetit,Lil Pump
Sin Pijama,Becky G + Natti Natasha
Call Out My Name,The Weeknd
Everybody Dies In Their Nightmares,XXXTENTACION
Yikes,Kanye West
Hotel Key,Old Dominion
Downtown's Dead,Sam Hunt
Zombie,Bad Wolves
Japan,Famous Dex
Me Niego,Reik Featuring Ozuna & Wisin
The Remedy For A Broke Heart (Why Am I So In Love),XXXTENTACION
Growing Pains,Alessia Cara
I Lived It,Blake Shelton
